-- phpMyAdmin SQL Dump
-- version 5.2.2
-- https://www.phpmyadmin.net/
--
-- Servidor: 127.0.0.1:3306
-- Tiempo de generación: 18-09-2025 a las 19:00:50
-- Versión del servidor: 11.8.3-MariaDB-log
-- Versión de PHP: 7.2.34

SET SQL_MODE = "NO_AUTO_VALUE_ON_ZERO";
START TRANSACTION;
SET time_zone = "+00:00";


/*!40101 SET @OLD_CHARACTER_SET_CLIENT=@@CHARACTER_SET_CLIENT */;
/*!40101 SET @OLD_CHARACTER_SET_RESULTS=@@CHARACTER_SET_RESULTS */;
/*!40101 SET @OLD_COLLATION_CONNECTION=@@COLLATION_CONNECTION */;
/*!40101 SET NAMES utf8mb4 */;

--
-- Base de datos: `u961992735_plataforma`
--

-- --------------------------------------------------------

--
-- Estructura de tabla para la tabla `cache`
--

CREATE TABLE `cache` (
  `key` varchar(255) NOT NULL,
  `value` mediumtext NOT NULL,
  `expiration` int(11) NOT NULL
) ENGINE=InnoDB DEFAULT CHARSET=utf8mb4 COLLATE=utf8mb4_unicode_ci;

-- --------------------------------------------------------

--
-- Estructura de tabla para la tabla `cache_locks`
--

CREATE TABLE `cache_locks` (
  `key` varchar(255) NOT NULL,
  `owner` varchar(255) NOT NULL,
  `expiration` int(11) NOT NULL
) ENGINE=InnoDB DEFAULT CHARSET=utf8mb4 COLLATE=utf8mb4_unicode_ci;

-- --------------------------------------------------------

--
-- Estructura de tabla para la tabla `campaigns`
--

CREATE TABLE `campaigns` (
  `id` bigint(20) UNSIGNED NOT NULL,
  `name` varchar(255) NOT NULL,
  `investment` int(11) NOT NULL,
  `goal` int(11) NOT NULL,
  `state` varchar(255) NOT NULL,
  `comments` varchar(255) DEFAULT NULL,
  `created_at` timestamp NULL DEFAULT NULL,
  `updated_at` timestamp NULL DEFAULT NULL,
  `project_id` bigint(20) UNSIGNED NOT NULL,
  `period_id` bigint(20) UNSIGNED NOT NULL
) ENGINE=InnoDB DEFAULT CHARSET=utf8mb4 COLLATE=utf8mb4_unicode_ci;

--
-- Volcado de datos para la tabla `campaigns`
--

INSERT INTO `campaigns` (`id`, `name`, `investment`, `goal`, `state`, `comments`, `created_at`, `updated_at`, `project_id`, `period_id`) VALUES
(18, '', 365, 221, 'Activa', '', '2025-07-10 17:25:57', '2025-07-10 17:28:41', 153, 14),
(19, '', 408, 19, 'Activa', '', '2025-07-10 17:35:21', '2025-07-10 17:35:21', 154, 14),
(20, '', 370, 463, 'Por confirmar', '', '2025-07-10 17:39:01', '2025-07-10 17:39:01', 155, 14),
(21, '', 408, 19, 'Activa', '', '2025-07-10 17:40:21', '2025-07-10 17:40:21', 155, 14),
(22, '', 902, 43, 'Por confirmar', '', '2025-07-10 17:44:56', '2025-07-10 17:44:56', 155, 14),
(23, '', 200, 250, 'Activa', '', '2025-07-10 17:46:30', '2025-07-10 17:46:30', 155, 14),
(24, '', 120, 60, 'Activa', '', '2025-07-10 17:47:50', '2025-07-10 17:47:50', 155, 14),
(25, '', 370, 463, 'Activa', '', '2025-07-10 17:49:00', '2025-07-10 17:49:00', 156, 14),
(26, '', 1200, 110, 'Activa', '', '2025-08-19 14:48:04', '2025-08-19 14:48:04', 182, 16),
(27, '', 800, 60, 'Activa', '', '2025-08-19 15:02:38', '2025-08-19 15:02:38', 182, 16),
(28, '', 1617, 170, 'Activa', '', '2025-08-19 15:04:22', '2025-08-19 15:04:22', 183, 16),
(29, '', 1317, 110, 'Activa', '', '2025-08-19 15:05:11', '2025-08-19 15:05:11', 183, 16),
(31, '', 1600, 213, 'Activa', '', '2025-08-19 15:39:43', '2025-08-19 15:39:43', 177, 16),
(32, '', 100, 20000, 'Activa', '', '2025-08-19 15:42:48', '2025-08-19 15:48:09', 178, 16),
(33, '', 1500, 188, 'Activa', '', '2025-08-19 15:46:10', '2025-08-19 15:46:10', 178, 16),
(34, '', 1600, 400, 'Activa', '', '2025-08-19 15:52:36', '2025-08-19 15:52:36', 179, 16),
(35, '', 400, 80, 'Activa', '', '2025-08-19 15:56:17', '2025-08-19 15:56:17', 179, 16),
(36, '', 2100, 420, 'Activa', '', '2025-08-19 15:57:42', '2025-08-19 15:57:42', 180, 16),
(37, '', 957, 64, 'Activa', '', '2025-08-19 16:01:11', '2025-08-19 16:01:11', 304, 16),
(38, '', 797, 89, 'Activa', '', '2025-08-19 16:03:00', '2025-08-19 16:03:00', 299, 16),
(39, '', 531, 76, 'Activa', '', '2025-08-19 16:04:33', '2025-08-19 16:04:33', 309, 16),
(40, '', 968, 51, 'Activa', '', '2025-08-19 16:05:49', '2025-08-19 16:05:49', 301, 16),
(41, '', 800, 107, 'Activa', '', '2025-08-19 16:06:57', '2025-08-19 16:06:57', 308, 16),
(42, '', 521, 58, 'Activa', '', '2025-08-19 16:08:47', '2025-08-25 18:13:51', 306, 16),
(43, '', 771, 140, 'Activa', '', '2025-08-19 16:10:27', '2025-08-19 16:10:27', 307, 16),
(44, '', 168, 34, 'Activa', '', '2025-08-19 16:20:52', '2025-08-19 16:20:52', 299, 16),
(45, '', 100, 15, 'Activa', '', '2025-08-19 16:24:09', '2025-08-19 16:24:09', 304, 16),
(46, '', 100, 8, 'Activa', '', '2025-08-19 16:26:18', '2025-08-25 18:39:20', 301, 16),
(47, '', 154, 17, 'Activa', '', '2025-08-19 16:28:49', '2025-08-19 16:28:49', 308, 16),
(48, '', 50, 11, 'Activa', '', '2025-08-19 16:29:50', '2025-08-19 16:29:50', 309, 16),
(49, '', 132, 18, 'Activa', '', '2025-08-19 16:30:41', '2025-08-19 16:30:41', 307, 16),
(50, '', 200, 66667, 'Activa', '', '2025-08-19 16:52:22', '2025-08-19 16:52:22', 157, 16),
(51, '', 300, 6000, 'Activa', '', '2025-08-19 16:54:58', '2025-08-19 16:54:58', 157, 16),
(52, '', 220, 63, 'Activa', '', '2025-08-20 05:54:23', '2025-08-20 05:54:23', 351, 16),
(53, '', 780, 130, 'Activa', '', '2025-08-20 05:55:20', '2025-08-20 05:55:20', 351, 16),
(54, '', 220, 44, 'Activa', '', '2025-08-20 05:56:32', '2025-08-20 05:56:32', 352, 16),
(55, '', 780, 74, 'Activa', '', '2025-08-20 05:59:51', '2025-08-20 05:59:51', 352, 16),
(56, '', 160, 266667, 'Activa', '', '2025-08-20 06:03:45', '2025-08-20 06:16:23', 353, 16),
(57, '', 230, 383333, 'Activa', '', '2025-08-20 06:12:06', '2025-08-20 06:15:52', 354, 16),
(58, '', 160, 4000, 'Activa', '', '2025-08-20 06:13:11', '2025-08-20 06:13:11', 355, 16),
(59, '', 100, 166667, 'Activa', '', '2025-08-20 06:15:14', '2025-08-20 06:15:14', 356, 16),
(60, '', 150, 38, 'Activa', '', '2025-08-20 06:53:55', '2025-08-20 06:53:55', 357, 16),
(61, '', 186, 207, 'Activa', '', '2025-08-20 06:55:18', '2025-08-20 06:55:18', 358, 16),
(62, '', 200, 222, 'Activa', '', '2025-08-20 06:56:25', '2025-08-20 06:56:25', 359, 16),
(63, '', 100, 16667, 'Activa', '', '2025-08-20 06:57:15', '2025-08-20 06:57:15', 360, 16),
(64, '', 186, 207, 'Activa', '', '2025-08-20 06:58:54', '2025-08-20 06:58:54', 361, 16),
(65, '', 100, 143, 'Activa', '', '2025-08-20 07:00:02', '2025-08-20 07:00:02', 362, 16),
(66, '', 300, 750, 'Activa', '', '2025-08-20 07:07:22', '2025-08-20 07:07:22', 271, 16),
(67, '', 211, 2807, 'Activa', '', '2025-08-20 08:03:27', '2025-08-20 08:07:53', 363, 16),
(68, '', 211, 2807, 'Activa', '', '2025-08-20 08:16:10', '2025-08-20 08:16:10', 364, 16),
(69, '', 211, 2807, 'Activa', '', '2025-08-20 08:23:15', '2025-08-20 08:23:15', 365, 16),
(70, '', 158, 316, 'Activa', '', '2025-08-20 08:27:08', '2025-08-20 08:27:08', 367, 16),
(71, '', 350, 700, 'Activa', '', '2025-08-20 08:51:59', '2025-08-20 08:51:59', 181, 16),
(72, '', 150, 6, 'Activa', '', '2025-08-20 08:53:12', '2025-08-20 08:53:12', 181, 16),
(73, '', 1500, 43, 'Activa', '', '2025-08-20 08:54:55', '2025-08-20 08:54:55', 181, 16),
(74, '', 850, 425, 'Activa', '', '2025-08-20 10:27:57', '2025-08-20 10:27:57', 324, 16),
(75, '', 800, 29, 'Activa', '', '2025-08-20 11:04:02', '2025-08-20 11:42:27', 162, 16),
(76, '', 200, 7, 'Activa', '', '2025-08-20 11:26:39', '2025-08-20 11:43:16', 159, 16),
(77, '', 200, 8, 'Activa', '', '2025-08-20 11:32:59', '2025-08-20 11:43:40', 160, 16),
(78, '', 200, 6, 'Activa', '', '2025-08-20 11:33:54', '2025-08-20 11:46:18', 161, 16),
(79, '', 800, 100, 'Activa', '', '2025-08-20 11:35:25', '2025-08-20 11:46:38', 163, 16),
(80, '', 800, 133, 'Activa', '', '2025-08-20 11:41:57', '2025-08-20 11:41:57', 164, 16),
(81, '', 442, 4200, 'Activa', '', '2025-08-20 11:49:10', '2025-08-20 11:49:10', 298, 16),
(82, '', 300, 29, 'Activa', '', '2025-08-20 11:52:49', '2025-08-20 11:52:49', 165, 16),
(83, '', 189, 2707, 'Activa', '', '2025-08-20 11:54:46', '2025-08-20 11:54:46', 298, 16),
(84, '', 450, 113, 'Activa', '', '2025-08-20 11:57:55', '2025-08-20 11:57:55', 166, 16),
(85, '', 600, 150, 'Activa', '', '2025-08-20 11:58:34', '2025-08-20 11:58:34', 166, 16),
(86, '', 651, 651000, 'Activa', '', '2025-08-20 12:08:12', '2025-08-20 12:08:12', 213, 16),
(87, '', 670, 13400, 'Activa', '', '2025-08-20 12:09:30', '2025-08-20 12:09:30', 213, 16),
(88, '', 240, 240000, 'Activa', '', '2025-08-20 12:10:52', '2025-08-20 12:10:52', 213, 16),
(89, '', 240, 4800, 'Activa', '', '2025-08-20 12:14:04', '2025-08-20 12:14:04', 213, 16),
(90, '', 1000, 59, 'Activa', '', '2025-08-20 12:19:58', '2025-08-20 12:19:58', 368, 16),
(91, '', 1200, 83, 'Activa', '', '2025-08-20 12:22:16', '2025-08-20 12:22:16', 368, 16),
(92, '', 800, 47, 'Activa', '', '2025-08-20 12:23:55', '2025-08-20 12:23:55', 368, 16),
(93, '', 800, 84, 'Activa', '', '2025-08-20 12:24:45', '2025-08-20 12:24:45', 369, 16),
(94, '', 400, 22, 'Activa', '', '2025-08-20 12:25:43', '2025-08-20 12:25:43', 369, 16),
(95, '', 1500, 100, 'Activa', '', '2025-08-20 12:28:29', '2025-08-26 09:29:51', 370, 16),
(96, '', 150, 500, 'Activa', '', '2025-08-20 12:39:32', '2025-08-20 12:39:32', 246, 16),
(97, '', 150, 30, 'Activa', '', '2025-08-20 12:43:36', '2025-08-20 12:43:36', 376, 16),
(98, '', 150, 17, 'Activa', '', '2025-08-20 12:47:45', '2025-08-20 12:47:45', 241, 16),
(99, '', 700, 108, 'Activa', '', '2025-08-20 12:47:52', '2025-08-20 12:47:52', 166, 16),
(100, '', 300, 12, 'Activa', '', '2025-08-20 12:48:40', '2025-08-20 12:48:40', 166, 16),
(101, '', 150, 3000, 'Activa', '', '2025-08-20 12:49:23', '2025-08-20 12:49:23', 245, 16),
(102, '', 150, 250, 'Activa', '', '2025-08-20 12:53:12', '2025-08-20 12:53:12', 377, 16),
(103, '', 150, 12, 'Activa', '', '2025-08-20 12:56:18', '2025-08-20 12:56:18', 377, 16),
(104, '', 450, 60, 'Activa', '', '2025-08-20 12:58:08', '2025-08-20 12:58:08', 168, 16),
(105, '', 450, 69, 'Activa', '', '2025-08-20 12:59:09', '2025-08-20 12:59:09', 167, 16),
(106, '', 600, 60, 'Activa', '', '2025-08-20 13:01:41', '2025-08-20 13:01:41', 170, 16),
(107, '', 400, 80, 'Activa', '', '2025-08-20 13:02:36', '2025-08-20 13:02:36', 170, 16),
(108, '', 300, 20, 'Activa', '', '2025-08-20 13:05:35', '2025-08-20 13:05:35', 170, 16),
(109, '', 700, 156, 'Activa', '', '2025-08-20 13:24:48', '2025-08-20 13:24:48', 171, 16),
(110, '', 400, 80, 'Activa', '', '2025-08-20 13:26:00', '2025-08-20 13:26:00', 171, 16),
(111, '', 300, 12, 'Activa', '', '2025-08-20 13:28:11', '2025-08-20 13:28:11', 171, 16),
(112, '', 700, 82, 'Activa', '', '2025-08-20 13:30:07', '2025-08-20 13:30:07', 172, 16),
(113, '', 600, 100, 'Activa', '', '2025-08-20 13:47:25', '2025-08-20 13:47:25', 172, 16),
(114, '', 450, 273, 'Activa', '', '2025-08-20 13:56:37', '2025-08-20 13:56:37', 310, 16),
(115, '', 352, 213, 'Activa', '', '2025-08-20 13:59:11', '2025-08-20 13:59:11', 153, 16),
(116, '', 490, 325, 'Activa', '', '2025-08-20 14:01:58', '2025-08-20 14:01:58', 328, 16),
(117, '', 105, 388889, 'Activa', '', '2025-08-20 14:03:25', '2025-08-20 14:03:25', 329, 16),
(118, '', 280, 499, 'Activa', '', '2025-08-20 14:06:12', '2025-08-20 14:06:12', 330, 16),
(119, '', 125, 56, 'Activa', '', '2025-08-20 14:08:03', '2025-08-20 14:08:03', 330, 16),
(120, '', 300, 30, 'Activa', '', '2025-08-20 14:11:24', '2025-08-20 14:11:24', 378, 16),
(121, '', 300, 33, 'Activa', '', '2025-08-20 14:12:07', '2025-08-20 14:12:07', 379, 16),
(122, '', 250, 31, 'Activa', '', '2025-08-20 14:12:36', '2025-08-20 14:12:36', 380, 16),
(123, '', 1000, 71, 'Activa', '', '2025-08-20 14:15:46', '2025-08-20 14:15:46', 326, 16),
(124, '', 100, 25000, 'Activa', '', '2025-08-20 14:23:28', '2025-08-20 14:23:28', 326, 16),
(125, '', 400, 22, 'Activa', '', '2025-08-20 14:50:05', '2025-08-20 14:50:05', 247, 16),
(126, '', 400, 7, 'Activa', '', '2025-08-20 14:54:35', '2025-08-20 14:54:35', 265, 16),
(127, '', 200, 29, 'Activa', '', '2025-08-20 14:54:36', '2025-08-20 14:54:36', 326, 16),
(128, '', 1900, 380, 'Activa', '', '2025-08-20 14:57:24', '2025-08-20 14:57:24', 381, 16),
(129, '', 550, 28, 'Activa', '', '2025-08-20 15:01:01', '2025-08-20 15:01:01', 281, 16),
(130, '', 100, 25000, 'Activa', '', '2025-08-20 15:01:16', '2025-08-20 15:01:16', 381, 16),
(131, '', 400, 7, 'Activa', '', '2025-08-20 15:01:57', '2025-08-20 15:01:57', 283, 16),
(132, '', 1600, 320, 'Activa', '', '2025-08-20 15:03:16', '2025-08-20 15:03:16', 382, 16),
(133, '', 750, 27, 'Activa', '', '2025-08-20 15:11:05', '2025-08-20 15:11:05', 285, 16),
(134, '', 400, 13, 'Activa', '', '2025-08-20 15:11:37', '2025-08-20 15:11:37', 286, 16),
(135, '', 600, 75, 'Activa', '', '2025-08-20 15:14:25', '2025-08-20 15:14:25', 263, 16),
(136, '', 500, 33, 'Activa', '', '2025-08-20 15:15:38', '2025-08-20 15:15:38', 281, 16),
(137, '', 650, 43, 'Activa', '', '2025-08-20 15:23:58', '2025-08-20 15:23:58', 283, 16),
(138, '', 700, 58, 'Activa', '', '2025-08-20 15:24:55', '2025-08-20 15:24:55', 285, 16),
(139, '', 500, 56, 'Activa', '', '2025-08-20 15:25:35', '2025-08-20 15:25:35', 286, 16),
(140, '', 300, 20, 'Activa', '', '2025-08-20 15:26:34', '2025-08-20 15:26:34', 265, 16),
(141, '', 100, 25000, 'Activa', '', '2025-08-20 15:59:24', '2025-08-20 15:59:24', 382, 16),
(142, '', 534, 214, 'Activa', '', '2025-08-20 16:20:06', '2025-08-20 16:20:06', 207, 16),
(143, '', 1230, 559, 'Activa', '', '2025-08-20 16:21:46', '2025-08-20 16:21:46', 211, 16),
(144, '', 11, 6, 'Activa', '', '2025-08-20 16:24:07', '2025-08-20 16:24:07', 383, 16),
(145, '', 900, 450, 'Activa', '', '2025-08-20 16:36:50', '2025-08-20 16:36:50', 332, 16),
(146, '', 1100, 92, 'Activa', '', '2025-08-20 16:37:29', '2025-08-20 16:37:29', 332, 16),
(147, '', 700, 100, 'Activa', '', '2025-08-20 17:01:50', '2025-08-20 17:01:50', 188, 16),
(148, '', 800, 200, 'Activa', '', '2025-08-20 17:02:37', '2025-08-20 17:02:37', 188, 16),
(149, '', 700, 117, 'Activa', '', '2025-08-20 17:04:15', '2025-08-20 17:04:15', 189, 16),
(150, '', 800, 27, 'Activa', '', '2025-08-20 17:05:04', '2025-08-20 17:05:04', 189, 16),
(151, '', 200, 200, 'Activa', '', '2025-08-20 17:10:29', '2025-08-20 17:10:29', 387, 16),
(152, '', 3120, 40, 'Activa', '', '2025-08-20 17:12:20', '2025-08-20 17:12:20', 387, 16),
(153, '', 690, 20, 'Activa', '', '2025-08-20 17:14:37', '2025-08-20 17:14:37', 387, 16),
(154, '', 375, 26, 'Activa', '', '2025-08-20 17:16:54', '2025-08-20 17:16:54', 387, 16),
(155, '', 880, 1100, 'Activa', '', '2025-08-20 17:49:46', '2025-08-20 17:49:46', 156, 16),
(156, '', 1120, 53, 'Activa', '', '2025-08-20 17:53:33', '2025-08-20 17:53:33', 155, 16),
(157, '', 34, 113, 'Activa', '', '2025-08-20 17:56:50', '2025-08-20 18:02:35', 350, 16),
(159, '', 50, 50, 'Activa', '', '2025-08-20 17:57:36', '2025-08-20 17:57:36', 323, 16),
(160, '', 300, 375, 'Activa', '', '2025-08-20 18:01:27', '2025-08-20 18:01:27', 155, 16),
(161, '', 34, 68, 'Activa', '', '2025-08-20 18:02:22', '2025-08-20 18:02:22', 388, 16),
(162, '', 200, 100, 'Activa', '', '2025-08-20 18:03:04', '2025-08-20 18:03:04', 155, 16),
(163, '', 31, 102, 'Activa', '', '2025-08-20 18:03:25', '2025-08-25 23:05:09', 388, 16),
(164, '', 50, 200, 'Activa', '', '2025-08-20 18:04:51', '2025-08-25 23:08:26', 323, 16),
(165, '', 61, 203, 'Activa', '', '2025-08-20 18:05:39', '2025-08-20 18:05:39', 389, 16),
(166, '', 80, 160, 'Activa', '', '2025-08-20 18:06:27', '2025-08-20 18:06:27', 389, 16),
(167, '', 61, 203, 'Activa', '', '2025-08-20 18:07:10', '2025-08-20 18:07:10', 390, 16),
(168, '', 80, 160, 'Activa', '', '2025-08-20 18:07:46', '2025-08-20 18:07:46', 390, 16),
(169, '', 56, 56, 'Activa', '', '2025-08-20 18:09:47', '2025-08-20 18:09:47', 391, 16),
(170, '', 50, 100, 'Activa', '', '2025-08-20 18:10:54', '2025-08-20 18:10:54', 323, 16),
(171, '', 100, 30, 'Activa', '', '2025-08-20 18:50:59', '2025-08-26 01:56:41', 240, 16),
(172, '', 130, 0, 'Activa', '', '2025-08-20 18:55:21', '2025-08-21 16:59:57', 240, 16),
(173, '', 80, 0, 'Activa', '', '2025-08-20 18:57:49', '2025-08-20 18:57:49', 240, 16),
(174, '', 250, 0, 'Activa', '', '2025-08-20 18:58:33', '2025-08-20 18:58:33', 240, 16),
(175, '', 460, 0, 'Activa', '', '2025-08-20 18:59:29', '2025-08-20 18:59:29', 240, 16),
(176, '', 400, 16, 'Activa', '', '2025-08-20 23:15:30', '2025-08-20 23:15:30', 335, 16),
(177, '', 225, 32, 'Activa', '', '2025-08-20 23:17:41', '2025-08-20 23:17:41', 335, 16),
(178, '', 375, 11, 'Activa', '', '2025-08-20 23:18:59', '2025-08-20 23:18:59', 335, 16),
(179, '', 250, 200, 'Activa', '', '2025-08-20 23:20:08', '2025-08-20 23:20:08', 335, 16),
(180, '', 600, 22, 'Activa', '', '2025-08-20 23:22:11', '2025-08-20 23:22:11', 334, 16),
(181, '', 225, 45, 'Activa', '', '2025-08-20 23:23:48', '2025-08-20 23:23:48', 334, 16),
(182, '', 250, 13, 'Activa', '', '2025-08-20 23:26:15', '2025-08-20 23:26:15', 334, 16),
(183, '', 150, 125, 'Activa', '', '2025-08-20 23:28:54', '2025-08-20 23:28:54', 334, 16),
(184, '', 650, 28, 'Activa', '', '2025-08-20 23:31:39', '2025-08-20 23:31:39', 336, 16),
(185, '', 200, 33, 'Activa', '', '2025-08-20 23:32:26', '2025-08-20 23:32:26', 336, 16),
(186, '', 130, 5, 'Activa', '', '2025-08-20 23:34:39', '2025-08-20 23:34:39', 336, 16),
(187, '', 270, 135, 'Activa', '', '2025-08-20 23:36:22', '2025-08-20 23:36:22', 336, 16),
(188, '', 445, 35, 'Activa', '', '2025-08-20 23:38:24', '2025-08-20 23:38:24', 333, 16),
(189, '', 180, 20, 'Activa', '', '2025-08-20 23:39:42', '2025-08-20 23:39:42', 333, 16),
(190, '', 390, 10, 'Activa', '', '2025-08-20 23:41:12', '2025-08-20 23:41:12', 333, 16),
(191, '', 225, 225, 'Activa', '', '2025-08-20 23:43:30', '2025-08-20 23:43:30', 333, 16),
(192, '', 550, 37, 'Activa', '', '2025-08-20 23:44:42', '2025-08-20 23:44:42', 340, 16),
(193, '', 240, 53, 'Activa', '', '2025-08-20 23:47:48', '2025-08-20 23:47:48', 340, 16),
(194, '', 630, 25, 'Activa', '', '2025-08-20 23:48:54', '2025-08-20 23:48:54', 340, 16),
(195, '', 380, 380, 'Activa', '', '2025-08-20 23:51:03', '2025-08-20 23:51:03', 340, 16),
(196, '', 105, 1050, 'Activa', '', '2025-08-20 23:53:33', '2025-08-20 23:53:33', 338, 16),
(197, '', 105, 210, 'Activa', '', '2025-08-20 23:54:45', '2025-08-20 23:54:45', 338, 16),
(198, '', 100, 1111, 'Activa', '', '2025-08-20 23:57:24', '2025-08-20 23:57:24', 339, 16),
(199, '', 150, 13, 'Activa', '', '2025-08-20 23:59:07', '2025-08-20 23:59:07', 339, 16),
(200, '', 200, 67, 'Activa', '', '2025-08-21 00:03:08', '2025-08-21 00:03:08', 339, 16),
(201, '', 150, 30, 'Activa', '', '2025-08-21 00:04:03', '2025-08-21 00:04:03', 339, 16),
(202, '', 234, 67, 'Activa', '', '2025-08-21 09:56:08', '2025-08-21 09:56:08', 293, 16),
(203, '', 234, 67, 'Activa', '', '2025-08-21 09:57:23', '2025-08-21 09:57:23', 297, 16),
(204, '', 186, 46, 'Activa', '', '2025-08-21 09:58:14', '2025-08-21 09:58:14', 293, 16),
(205, '', 186, 46, 'Activa', '', '2025-08-21 09:59:17', '2025-08-21 09:59:17', 297, 16),
(206, '', 424, 85, 'Activa', '', '2025-08-21 10:04:38', '2025-08-21 10:04:38', 291, 16),
(207, '', 424, 85, 'Activa', '', '2025-08-21 10:05:43', '2025-08-21 10:05:43', 291, 16),
(208, '', 254, 85, 'Activa', '', '2025-08-21 10:07:01', '2025-08-21 10:07:01', 294, 16),
(209, '', 708, 708, 'Activa', '', '2025-08-21 10:13:19', '2025-08-21 10:13:19', 392, 16),
(210, '', 929, 929, 'Activa', '', '2025-08-21 10:15:51', '2025-08-21 10:15:51', 393, 16),
(211, '', 118, 14, 'Activa', '', '2025-08-21 14:37:54', '2025-08-21 14:37:54', 294, 16),
(212, '', 85, 10, 'Activa', '', '2025-08-21 14:39:40', '2025-08-21 14:39:40', 291, 16),
(213, '', 166, 8, 'Activa', '', '2025-08-21 14:40:53', '2025-08-21 14:40:53', 297, 16),
(214, '', 166, 8, 'Activa', '', '2025-08-21 14:46:36', '2025-08-21 14:46:36', 293, 16),
(215, '', 162, 11, 'Activa', '', '2025-08-21 14:49:07', '2025-08-21 14:49:07', 296, 16),
(216, '', 1000, 42, 'Activa', '', '2025-08-21 14:53:22', '2025-08-21 14:53:22', 371, 16),
(217, '', 371, 25, 'Activa', '', '2025-08-21 15:11:19', '2025-08-21 15:11:19', 196, 16),
(218, '', 161, 32, 'Activa', '', '2025-08-21 15:13:47', '2025-08-21 15:13:47', 196, 16),
(219, '', 168, 6, 'Activa', '', '2025-08-21 15:19:38', '2025-08-21 15:19:38', 196, 16),
(220, '', 421, 76, 'Activa', '', '2025-08-21 15:21:32', '2025-08-21 15:21:32', 197, 16),
(221, '', 112, 37, 'Activa', '', '2025-08-21 15:26:05', '2025-08-21 15:26:05', 197, 16),
(222, '', 168, 6, 'Activa', '', '2025-08-21 15:27:20', '2025-08-21 15:27:20', 197, 16),
(223, '', 470, 151, 'Activa', '', '2025-08-21 15:28:28', '2025-08-21 15:28:28', 198, 16),
(224, '', 233, 57, 'Activa', '', '2025-08-21 15:29:54', '2025-08-21 15:29:54', 198, 16),
(225, '', 144, 5, 'Activa', '', '2025-08-21 15:31:12', '2025-08-21 15:31:12', 198, 16),
(226, '', 150, 500000, 'Activa', '', '2025-08-21 15:55:51', '2025-08-21 15:55:51', 214, 16),
(227, '', 300, 100, 'Activa', '', '2025-08-21 15:57:22', '2025-08-21 16:05:21', 214, 16),
(228, '', 150, 500000, 'Activa', '', '2025-08-21 15:58:28', '2025-08-21 15:58:28', 214, 16),
(229, '', 150, 3000, 'Activa', '', '2025-08-21 16:00:17', '2025-08-21 16:01:07', 214, 16),
(230, '', 150, 38, 'Activa', '', '2025-08-21 16:02:35', '2025-08-21 16:02:35', 214, 16),
(231, '', 140, 280000, 'Activa', '', '2025-08-21 16:03:27', '2025-08-21 16:03:27', 214, 16),
(232, '', 150, 300000, 'Activa', '', '2025-08-21 16:17:45', '2025-08-21 16:17:45', 214, 16),
(233, '', 300, 6000, 'Activa', '', '2025-08-21 17:46:56', '2025-08-21 17:46:56', 223, 16),
(234, '', 300, 6000, 'Activa', '', '2025-08-21 17:47:47', '2025-08-21 17:47:47', 223, 16),
(235, '', 300, 38, 'Activa', '', '2025-08-21 17:49:12', '2025-08-21 17:49:12', 223, 16),
(236, '', 300, 38, 'Activa', '', '2025-08-21 17:49:53', '2025-08-21 17:49:53', 223, 16),
(237, '', 100, 250000, 'Activa', '', '2025-08-21 17:52:08', '2025-08-21 17:52:08', 225, 16),
(238, '', 100, 333333, 'Activa', '', '2025-08-21 17:53:11', '2025-08-21 17:53:11', 225, 16),
(239, '', 100, 333333, 'Activa', '', '2025-08-21 17:54:24', '2025-08-21 17:54:24', 225, 16),
(240, '', 120, 2400, 'Activa', '', '2025-08-21 17:55:13', '2025-08-21 17:55:13', 225, 16),
(241, '', 300, 75, 'Activa', '', '2025-08-21 17:56:28', '2025-08-21 17:56:28', 233, 16),
(242, '', 100, 200000, 'Activa', '', '2025-08-21 17:57:16', '2025-08-21 17:57:16', 233, 16),
(243, '', 250, 2500, 'Activa', '', '2025-08-21 17:58:21', '2025-08-21 17:58:21', 233, 16),
(244, '', 100, 200000, 'Activa', '', '2025-08-21 17:59:33', '2025-08-21 17:59:33', 233, 16),
(245, '', 100, 200000, 'Activa', '', '2025-08-21 18:00:22', '2025-08-21 18:00:22', 233, 16),
(246, '', 200, 29, 'Activa', '', '2025-08-21 18:01:49', '2025-08-26 10:27:01', 236, 16),
(247, '', 150, 300000, 'Activa', '', '2025-08-21 18:02:36', '2025-08-21 18:02:36', 236, 16),
(248, '', 250, 5000, 'Activa', '', '2025-08-22 10:28:19', '2025-08-22 10:28:19', 220, 16),
(249, '', 250, 5000, 'Activa', '', '2025-08-22 10:29:52', '2025-08-22 10:29:52', 220, 16),
(250, '', 150, 19, 'Activa', '', '2025-08-22 10:31:43', '2025-08-22 10:31:43', 220, 16),
(251, '', 150, 19, 'Activa', '', '2025-08-22 10:32:30', '2025-08-22 10:32:30', 220, 16),
(252, '', 150, 500000, 'Activa', '', '2025-08-22 10:49:59', '2025-08-22 10:49:59', 394, 16),
(253, '', 240, 480000, 'Activa', '', '2025-08-22 10:51:17', '2025-08-22 10:53:25', 394, 16),
(254, '', 140, 280000, 'Activa', '', '2025-08-22 10:54:37', '2025-08-22 10:54:37', 394, 16),
(255, '', 210, 84, 'Activa', '', '2025-08-22 10:57:13', '2025-08-22 10:59:23', 212, 16),
(256, '', 890, 342, 'Activa', '', '2025-08-22 10:58:25', '2025-08-22 10:58:25', 212, 16),
(257, '', 169, 56, 'Activa', '', '2025-08-22 11:01:05', '2025-08-22 11:01:05', 208, 16),
(258, '', 494, 247, 'Activa', '', '2025-08-22 11:01:46', '2025-08-22 11:01:46', 208, 16),
(259, '', 11, 6, 'Activa', '', '2025-08-22 11:03:54', '2025-08-22 11:03:54', 383, 16),
(260, '', 11, 6, 'Activa', '', '2025-08-22 11:04:39', '2025-08-22 11:04:39', 383, 16),
(261, '', 11, 5, 'Activa', '', '2025-08-22 11:05:35', '2025-08-22 11:05:35', 383, 16),
(262, '', 128, 26, 'Activa', '', '2025-08-22 11:06:47', '2025-08-22 11:06:47', 212, 16),
(263, '', 128, 26, 'Activa', '', '2025-08-22 11:07:35', '2025-08-22 11:12:52', 208, 16),
(264, '', 300, 300000, 'Activa', '', '2025-08-22 11:17:35', '2025-08-22 11:17:35', 373, 16),
(265, '', 340, 283333, 'Activa', '', '2025-08-22 11:18:39', '2025-08-22 11:18:39', 373, 16),
(266, '', 300, 6000, 'Activa', '', '2025-08-22 11:19:39', '2025-08-22 11:19:39', 373, 16),
(267, '', 443, 8867, 'Activa', '', '2025-08-22 11:20:50', '2025-08-22 11:38:55', 373, 16),
(268, '', 680, 13600, 'Activa', '', '2025-08-22 11:22:33', '2025-08-22 11:22:33', 374, 16),
(269, '', 620, 620000, 'Activa', '', '2025-08-22 11:25:12', '2025-08-22 11:25:12', 374, 16),
(271, '', 240, 240000, 'Activa', '', '2025-08-22 11:27:01', '2025-08-22 11:27:01', 374, 16),
(272, '', 343, 343333, 'Activa', '', '2025-08-22 11:27:55', '2025-08-22 11:27:55', 374, 16),
(273, '', 560, 560000, 'Activa', '', '2025-08-22 11:31:04', '2025-08-22 11:31:04', 375, 16),
(275, '', 123, 2467, 'Activa', '', '2025-08-22 11:33:10', '2025-08-22 11:33:10', 375, 16),
(276, '', 100, 100000, 'Activa', '', '2025-08-22 11:34:11', '2025-08-22 11:34:11', 375, 16),
(277, '', 100, 100000, 'Activa', '', '2025-08-22 11:36:16', '2025-08-22 11:36:16', 375, 16),
(278, '', 1200, 96, 'Activa', '', '2025-08-22 11:49:29', '2025-08-22 11:49:29', 186, 16),
(279, '', 200, 18, 'Activa', '', '2025-08-22 12:04:50', '2025-08-22 12:04:50', 186, 16),
(280, '', 300, 27, 'Activa', '', '2025-08-22 12:05:48', '2025-08-22 12:05:48', 186, 16),
(281, '', 300, 27, 'Activa', '', '2025-08-22 12:06:43', '2025-08-22 12:06:43', 186, 16),
(282, '', 1100, 183, 'Activa', '', '2025-08-22 12:08:07', '2025-08-22 12:09:57', 187, 16),
(283, '', 400, 67, 'Activa', '', '2025-08-22 12:08:54', '2025-08-22 12:08:54', 187, 16),
(284, '', 300, 50, 'Activa', '', '2025-08-22 12:11:49', '2025-08-22 12:11:49', 187, 16),
(285, '', 200, 400000, 'Activa', '', '2025-08-22 12:22:52', '2025-08-22 12:22:52', 395, 16),
(286, '', 200, 400, 'Activa', '', '2025-08-22 12:31:57', '2025-08-22 12:31:57', 395, 16),
(287, '', 150, 100, 'Activa', '', '2025-08-22 12:33:24', '2025-08-22 12:33:24', 395, 16),
(288, '', 600, 600, 'Activa', '', '2025-08-22 12:35:49', '2025-08-22 12:41:08', 395, 16),
(289, '', 900, 50, 'Activa', '', '2025-08-22 12:36:59', '2025-08-22 12:36:59', 395, 16),
(290, '', 500, 27, 'Activa', '', '2025-08-22 12:42:44', '2025-08-22 12:42:44', 395, 16),
(291, '', 500, 27, 'Activa', '', '2025-08-22 12:43:22', '2025-08-22 12:43:22', 395, 16),
(292, '', 150, 1500, 'Activa', '', '2025-08-22 13:18:08', '2025-08-22 13:20:25', 395, 16),
(293, '', 600, 20, 'Activa', '', '2025-08-22 13:18:48', '2025-08-22 13:18:48', 395, 16),
(294, '', 200, 10, 'Activa', '', '2025-08-22 13:19:23', '2025-08-22 13:19:23', 395, 16),
(295, '', 300, 20, 'Activa', '', '2025-08-22 13:24:47', '2025-08-22 13:27:43', 397, 16),
(296, '', 300, 20, 'Activa', '', '2025-08-22 13:25:20', '2025-08-25 22:37:02', 397, 16),
(297, '', 200, 13, 'Activa', '', '2025-08-22 13:25:59', '2025-08-22 13:28:54', 397, 16),
(298, '', 200, 13, 'Activa', '', '2025-08-22 13:27:00', '2025-08-22 13:28:42', 397, 16),
(299, '', 380, 76, 'Activa', '', '2025-08-22 13:30:21', '2025-08-22 13:30:21', 396, 16),
(300, '', 300, 60, 'Activa', '', '2025-08-22 13:31:47', '2025-08-25 22:39:48', 396, 16),
(301, '', 320, 64, 'Activa', '', '2025-08-22 13:32:29', '2025-08-22 13:32:29', 396, 16),
(302, '', 400, 160000, 'Activa', '', '2025-08-22 15:42:38', '2025-08-22 15:42:38', 175, 16),
(303, '', 550, 5500, 'Activa', '', '2025-08-22 15:44:40', '2025-08-22 15:44:40', 175, 16),
(304, '', 350, 2333, 'Activa', '', '2025-08-22 15:46:11', '2025-08-22 15:46:11', 175, 16),
(305, '', 400, 800, 'Activa', '', '2025-08-22 15:47:39', '2025-08-22 15:47:39', 175, 16),
(306, '', 300, 11, 'Activa', '', '2025-08-22 15:48:13', '2025-08-22 15:48:13', 175, 16),
(307, '', 1400, 93333, 'Activa', '', '2025-08-22 15:58:12', '2025-08-22 15:58:12', 398, 16),
(308, '', 590, 655556, 'Activa', '', '2025-08-22 16:19:13', '2025-08-22 16:19:13', 398, 16),
(309, '', 1413, 1570, 'Activa', '', '2025-08-22 16:20:12', '2025-08-22 16:20:12', 398, 16),
(310, '', 680, 22667, 'Activa', '', '2025-08-22 16:20:58', '2025-08-22 16:20:58', 398, 16),
(311, '', 680, 68000, 'Activa', '', '2025-08-22 16:21:41', '2025-08-22 16:21:41', 398, 16),
(312, '', 500, 33333, 'Activa', '', '2025-08-22 16:22:31', '2025-08-22 16:22:31', 398, 16),
(313, 'Advantage AON', 300, 86, 'Activa', '', '2025-08-22 16:46:02', '2025-08-22 16:46:02', 399, 16),
(314, 'Conversión AON', 300, 86, 'Activa', '', '2025-08-22 16:58:19', '2025-08-22 16:58:19', 399, 16),
(315, 'CONVERSIÓN /MODELOS PRINCIPALES/ AON', 400, 89, 'Activa', '', '2025-08-22 17:00:12', '2025-08-22 17:00:12', 399, 16),
(316, 'Remarketing WSP', 250, 1600, 'Activa', '', '2025-08-22 17:06:35', '2025-08-22 17:06:35', 399, 16),
(317, 'SEARCH IPHONE 15 / 15 PLUS / 15 PRO / 15 PRO MAX', 56, 500, 'Activa', '', '2025-08-22 17:14:19', '2025-08-22 17:14:19', 399, 16),
(318, 'SEARCH IPHONE 14 / 14 PLUS', 750, 94, 'Activa', '', '2025-08-22 17:16:29', '2025-08-22 17:16:29', 399, 16),
(319, 'SEARCH IPHONE 14 PRO / 14 PRO MAX', 925, 103, 'Activa', '', '2025-08-22 17:17:38', '2025-08-22 17:17:38', 399, 16),
(320, 'SEARCH IPHONE 13 / 13 MINI', 500, 83, 'Activa', '', '2025-08-22 17:19:13', '2025-08-22 17:19:13', 399, 16),
(321, 'SEARCH IPHONE 13  PRO / PRO MAX', 275, 21, 'Activa', '', '2025-08-22 17:20:21', '2025-08-22 17:20:21', 399, 16),
(322, 'SEARCH IPHONE 12/ 12 MINI / 12 PRO / 12 PRO MAX', 700, 88, 'Activa', '', '2025-08-22 17:21:20', '2025-08-22 17:21:20', 399, 16),
(324, 'SEARCH PARLANTE', 300, 80, 'Activa', '', '2025-08-22 17:33:08', '2025-08-22 17:33:08', 399, 16),
(325, 'MARCA SEARCH', 400, 267, 'Activa', '', '2025-08-22 17:34:08', '2025-08-22 17:34:08', 399, 16),
(326, 'SHOPPING AON', 250, 125, 'Activa', '', '2025-08-22 17:50:07', '2025-08-22 17:50:07', 399, 16),
(327, 'PMAX TÁCTICO', 450, 300, 'Activa', '', '2025-08-22 17:51:16', '2025-08-22 17:51:16', 399, 16),
(329, '', 1406, 185000, 'Activa', '', '2025-08-22 18:13:09', '2025-08-22 18:13:09', 400, 16),
(330, '', 608, 533333, 'Activa', '', '2025-08-22 18:18:21', '2025-08-22 18:18:21', 400, 16),
(331, '', 608, 533333, 'Activa', '', '2025-08-22 18:18:57', '2025-08-22 18:18:57', 400, 16),
(332, '', 280, 31, 'Activa', '', '2025-08-25 10:01:22', '2025-08-25 10:01:22', 217, 16),
(333, '', 100, 33, 'Activa', '', '2025-08-25 10:03:41', '2025-08-25 10:03:41', 217, 16),
(334, '', 120, 13, 'Activa', '', '2025-08-25 10:07:29', '2025-08-25 10:07:29', 217, 16),
(335, '', 100, 200000, 'Activa', '', '2025-08-25 10:09:26', '2025-08-25 10:09:26', 215, 16),
(336, '', 150, 3000, 'Activa', '', '2025-08-25 10:10:47', '2025-08-25 10:10:47', 217, 16),
(337, '', 120, 15, 'Activa', '', '2025-08-25 10:11:50', '2025-08-25 10:11:50', 217, 16),
(338, '', 120, 15, 'Activa', '', '2025-08-25 10:14:50', '2025-08-25 10:14:50', 401, 16),
(339, '', 900, 300, 'Activa', '', '2025-08-25 10:16:17', '2025-08-25 10:19:48', 282, 16),
(340, '', 650, 108, 'Activa', '', '2025-08-25 10:19:02', '2025-08-25 10:20:50', 282, 16),
(341, '', 500, 18, 'Activa', '', '2025-08-25 10:23:27', '2025-08-25 10:23:27', 282, 16),
(342, '', 450, 15, 'Activa', '', '2025-08-25 10:25:49', '2025-08-25 10:25:49', 282, 16),
(343, '', 700, 280, 'Activa', '', '2025-08-25 10:27:32', '2025-08-25 10:27:32', 278, 16),
(344, '', 800, 178, 'Activa', '', '2025-08-25 10:28:37', '2025-08-25 10:28:37', 278, 16),
(345, '', 450, 30, 'Activa', '', '2025-08-25 10:30:14', '2025-08-25 10:30:14', 278, 16),
(346, '', 550, 22, 'Activa', '', '2025-08-25 10:30:44', '2025-08-25 10:30:44', 278, 16),
(347, '', 550, 61, 'Activa', '', '2025-08-25 10:35:15', '2025-08-25 10:35:15', 284, 16),
(348, '', 900, 211, 'Activa', '', '2025-08-25 10:47:51', '2025-08-25 10:47:51', 278, 16),
(349, '', 500, 33, 'Activa', '', '2025-08-25 10:48:45', '2025-08-25 10:48:45', 284, 16),
(350, '', 500, 25, 'Activa', '', '2025-08-25 10:50:12', '2025-08-25 10:50:12', 284, 16),
(351, '', 300, 86, 'Activa', '', '2025-08-25 10:50:55', '2025-08-25 10:50:55', 279, 16),
(352, '', 300, 30, 'Activa', '', '2025-08-25 10:51:46', '2025-08-25 10:51:46', 279, 16),
(353, '', 150, 75, 'Activa', '', '2025-08-25 10:55:32', '2025-08-25 10:55:32', 280, 16),
(354, '', 150, 15, 'Activa', '', '2025-08-25 10:56:13', '2025-08-25 10:56:13', 280, 16),
(355, '', 820, 320, 'Activa', '', '2025-08-25 10:58:52', '2025-08-25 10:58:52', 287, 16),
(356, '', 700, 200, 'Activa', '', '2025-08-25 10:59:56', '2025-08-25 10:59:56', 288, 16),
(357, '', 100, 50, 'Activa', '', '2025-08-25 11:02:56', '2025-08-25 11:02:56', 402, 16),
(358, '', 500, 250, 'Activa', '', '2025-08-25 11:03:58', '2025-08-25 11:03:58', 403, 16),
(359, '', 550, 14, 'Activa', '', '2025-08-25 11:31:46', '2025-08-25 11:31:46', 205, 16),
(360, '', 250, 5, 'Activa', '', '2025-08-25 11:32:27', '2025-08-25 11:32:27', 205, 16),
(361, '', 550, 13, 'Activa', '', '2025-08-25 11:33:31', '2025-08-25 11:33:31', 200, 16),
(362, '', 250, 4, 'Activa', '', '2025-08-25 11:34:12', '2025-08-25 11:34:12', 200, 16),
(363, '', 300, 7, 'Activa', '', '2025-08-25 11:34:57', '2025-08-25 11:34:57', 199, 16),
(364, '', 550, 14, 'Activa', '', '2025-08-25 11:36:05', '2025-08-25 11:36:05', 202, 16),
(365, '', 250, 4, 'Activa', '', '2025-08-25 11:37:00', '2025-08-25 11:37:00', 202, 16),
(366, '', 550, 14, 'Activa', '', '2025-08-25 11:37:27', '2025-08-25 11:37:27', 201, 16),
(367, '', 250, 7, 'Activa', '', '2025-08-25 11:38:15', '2025-08-25 11:38:15', 201, 16),
(368, '', 300, 8, 'Activa', '', '2025-08-25 11:38:49', '2025-08-25 11:38:49', 204, 16),
(369, '', 250, 6, 'Activa', '', '2025-08-25 11:39:31', '2025-08-25 11:39:31', 204, 16),
(370, '', 300, 4, 'Activa', '', '2025-08-25 11:39:59', '2025-08-25 11:39:59', 206, 16),
(371, '', 75, 125000, 'Activa', '', '2025-08-25 12:05:51', '2025-08-25 12:05:51', 190, 16),
(372, '', 75, 125000, 'Activa', '', '2025-08-25 12:06:31', '2025-08-25 12:06:31', 190, 16),
(373, '', 470, 313, 'Activa', '', '2025-08-25 12:07:59', '2025-08-26 01:49:28', 191, 16),
(374, '', 58, 26, 'Activa', '', '2025-08-25 12:08:29', '2025-08-26 01:50:56', 192, 16),
(375, '', 200, 154, 'Activa', '', '2025-08-25 12:09:30', '2025-08-25 12:09:30', 193, 16),
(376, '', 458, 416, 'Activa', '', '2025-08-25 12:10:21', '2025-08-25 12:10:21', 194, 16),
(377, '', 200, 33, 'Activa', '', '2025-08-25 12:10:54', '2025-08-25 12:10:54', 195, 16),
(378, '', 35, 7, 'Activa', '', '2025-08-25 12:11:54', '2025-08-25 12:11:54', 348, 16),
(379, '', 300, 750000, 'Activa', '', '2025-08-25 13:13:53', '2025-08-25 13:13:53', 276, 16),
(380, '', 750, 625000, 'Activa', '', '2025-08-25 13:14:47', '2025-08-25 13:14:47', 276, 16),
(381, '', 400, 200000, 'Activa', '', '2025-08-25 13:15:24', '2025-08-25 13:15:24', 276, 16),
(382, '', 100, 67, 'Activa', '', '2025-08-25 13:16:22', '2025-08-25 13:16:22', 276, 16),
(383, '', 150, 45, 'Activa', '', '2025-08-25 13:17:24', '2025-08-25 13:17:24', 276, 16),
(384, '', 300, 100, 'Activa', '', '2025-08-25 13:18:05', '2025-08-25 13:18:05', 276, 16),
(385, '', 300, 120, 'Activa', '', '2025-08-25 13:18:47', '2025-08-25 13:18:47', 276, 16),
(386, '', 300, 100, 'Activa', '', '2025-08-25 13:19:21', '2025-08-25 13:19:21', 276, 16),
(387, '', 150, 50, 'Activa', '', '2025-08-25 13:20:59', '2025-08-25 13:20:59', 275, 16),
(388, '', 200, 67, 'Activa', '', '2025-08-25 13:23:10', '2025-08-25 13:23:10', 275, 16),
(389, '', 300, 100, 'Activa', '', '2025-08-25 13:23:52', '2025-08-25 13:23:52', 275, 16),
(390, '', 300, 150000, 'Activa', '', '2025-08-25 13:24:56', '2025-08-25 13:24:56', 275, 16),
(391, '', 700, 58, 'Activa', '', '2025-08-25 18:09:40', '2025-08-25 18:09:40', 183, 16),
(392, '', 83, 11, 'Activa', '', '2025-08-25 18:44:06', '2025-08-25 18:44:06', 306, 16),
(393, '', 200, 8, 'Activa', '', '2025-08-25 22:38:28', '2025-08-25 22:38:28', 397, 16),
(394, '', 200, 10, 'Activa', '', '2025-08-25 22:40:21', '2025-08-25 22:40:21', 396, 16),
(395, '', 68, 62, 'Activa', '', '2025-08-25 23:12:37', '2025-08-25 23:12:37', 404, 16),
(396, '', 50, 100, 'Activa', '', '2025-08-25 23:19:45', '2025-08-25 23:19:45', 323, 16),
(397, '', 880, 1100, 'Activa', '', '2025-08-26 01:12:15', '2025-08-26 01:12:15', 372, 16),
(398, '', 81, 405, 'Activa', '', '2025-08-26 01:38:19', '2025-08-26 01:38:19', 244, 16),
(399, '', 100, 250000, 'Activa', '', '2025-08-26 01:38:50', '2025-08-26 01:38:50', 244, 16);

-- --------------------------------------------------------

--
-- Estructura de tabla para la tabla `campaigns_formats`
--

CREATE TABLE `campaigns_formats` (
  `campaign_id` bigint(20) UNSIGNED NOT NULL,
  `format_id` bigint(20) UNSIGNED NOT NULL,
  `created_at` timestamp NULL DEFAULT NULL,
  `updated_at` timestamp NULL DEFAULT NULL
) ENGINE=InnoDB DEFAULT CHARSET=utf8mb4 COLLATE=utf8mb4_unicode_ci;

--
-- Volcado de datos para la tabla `campaigns_formats`
--

INSERT INTO `campaigns_formats` (`campaign_id`, `format_id`, `created_at`, `updated_at`) VALUES
(18, 53, NULL, NULL),
(19, 61, NULL, NULL),
(20, 61, NULL, NULL),
(21, 61, NULL, NULL),
(22, 61, NULL, NULL),
(23, 53, NULL, NULL),
(24, 52, NULL, NULL),
(25, 63, NULL, NULL),
(26, 64, NULL, NULL),
(27, 64, NULL, NULL),
(28, 64, NULL, NULL),
(29, 64, NULL, NULL),
(31, 64, NULL, NULL),
(32, 64, NULL, NULL),
(33, 64, NULL, NULL),
(34, 64, NULL, NULL),
(35, 64, NULL, NULL),
(36, 64, NULL, NULL),
(37, 64, NULL, NULL),
(38, 64, NULL, NULL),
(39, 64, NULL, NULL),
(40, 64, NULL, NULL),
(41, 64, NULL, NULL),
(42, 64, NULL, NULL),
(43, 64, NULL, NULL),
(44, 63, NULL, NULL),
(45, 63, NULL, NULL),
(46, 63, NULL, NULL),
(47, 63, NULL, NULL),
(48, 63, NULL, NULL),
(49, 63, NULL, NULL),
(50, 61, NULL, NULL),
(51, 57, NULL, NULL),
(52, 64, NULL, NULL),
(53, 63, NULL, NULL),
(54, 64, NULL, NULL),
(55, 64, NULL, NULL),
(56, 71, NULL, NULL),
(57, 68, NULL, NULL),
(58, 71, NULL, NULL),
(59, 71, NULL, NULL),
(60, 57, NULL, NULL),
(61, 57, NULL, NULL),
(62, 57, NULL, NULL),
(63, 57, NULL, NULL),
(64, 57, NULL, NULL),
(65, 57, NULL, NULL),
(66, 51, NULL, NULL),
(67, 64, NULL, NULL),
(68, 64, NULL, NULL),
(69, 64, NULL, NULL),
(70, 51, NULL, NULL),
(71, 57, NULL, NULL),
(72, 51, NULL, NULL),
(73, 51, NULL, NULL),
(74, 63, NULL, NULL),
(75, 53, NULL, NULL),
(76, 54, NULL, NULL),
(77, 54, NULL, NULL),
(78, 54, NULL, NULL),
(79, 64, NULL, NULL),
(80, 64, NULL, NULL),
(81, 64, NULL, NULL),
(82, 64, NULL, NULL),
(83, 56, NULL, NULL),
(84, 64, NULL, NULL),
(85, 64, NULL, NULL),
(86, 62, NULL, NULL),
(87, 62, NULL, NULL),
(88, 70, NULL, NULL),
(89, 70, NULL, NULL),
(90, 64, NULL, NULL),
(91, 64, NULL, NULL),
(92, 51, NULL, NULL),
(93, 64, NULL, NULL),
(94, 51, NULL, NULL),
(95, 64, NULL, NULL),
(96, 64, NULL, NULL),
(97, 64, NULL, NULL),
(98, 63, NULL, NULL),
(99, 63, NULL, NULL),
(100, 54, NULL, NULL),
(101, 64, NULL, NULL),
(102, 63, NULL, NULL),
(103, 63, NULL, NULL),
(104, 64, NULL, NULL),
(105, 63, NULL, NULL),
(106, 64, NULL, NULL),
(107, 63, NULL, NULL),
(108, 54, NULL, NULL),
(109, 64, NULL, NULL),
(110, 63, NULL, NULL),
(111, 54, NULL, NULL),
(112, 64, NULL, NULL),
(113, 63, NULL, NULL),
(114, 53, NULL, NULL),
(115, 53, NULL, NULL),
(116, 64, NULL, NULL),
(117, 64, NULL, NULL),
(118, 51, NULL, NULL),
(119, 51, NULL, NULL),
(120, 64, NULL, NULL),
(121, 64, NULL, NULL),
(122, 64, NULL, NULL),
(123, 64, NULL, NULL),
(124, 69, NULL, NULL),
(125, 53, NULL, NULL),
(126, 53, NULL, NULL),
(127, 53, NULL, NULL),
(128, 64, NULL, NULL),
(129, 53, NULL, NULL),
(130, 69, NULL, NULL),
(131, 53, NULL, NULL),
(132, 64, NULL, NULL),
(133, 53, NULL, NULL),
(134, 53, NULL, NULL),
(135, 54, NULL, NULL),
(136, 64, NULL, NULL),
(137, 64, NULL, NULL),
(138, 64, NULL, NULL),
(139, 64, NULL, NULL),
(140, 64, NULL, NULL),
(141, 69, NULL, NULL),
(142, 63, NULL, NULL),
(143, 63, NULL, NULL),
(144, 63, NULL, NULL),
(145, 64, NULL, NULL),
(146, 53, NULL, NULL),
(147, 64, NULL, NULL),
(148, 51, NULL, NULL),
(149, 64, NULL, NULL),
(150, 53, NULL, NULL),
(151, 68, NULL, NULL),
(152, 62, NULL, NULL),
(153, 62, NULL, NULL),
(154, 51, NULL, NULL),
(155, 63, NULL, NULL),
(156, 64, NULL, NULL),
(157, 64, NULL, NULL),
(159, 64, NULL, NULL),
(160, 53, NULL, NULL),
(161, 64, NULL, NULL),
(162, 52, NULL, NULL),
(163, 64, NULL, NULL),
(164, 64, NULL, NULL),
(165, 64, NULL, NULL),
(166, 64, NULL, NULL),
(167, 64, NULL, NULL),
(168, 64, NULL, NULL),
(169, 64, NULL, NULL),
(170, 64, NULL, NULL),
(171, 67, NULL, NULL),
(172, 63, NULL, NULL),
(173, 53, NULL, NULL),
(174, 55, NULL, NULL),
(175, 54, NULL, NULL),
(176, 64, NULL, NULL),
(177, 63, NULL, NULL),
(178, 51, NULL, NULL),
(179, 54, NULL, NULL),
(180, 68, NULL, NULL),
(180, 69, NULL, NULL),
(181, 68, NULL, NULL),
(181, 69, NULL, NULL),
(182, 53, NULL, NULL),
(183, 52, NULL, NULL),
(183, 53, NULL, NULL),
(184, 68, NULL, NULL),
(184, 69, NULL, NULL),
(185, 68, NULL, NULL),
(185, 69, NULL, NULL),
(186, 53, NULL, NULL),
(187, 53, NULL, NULL),
(188, 64, NULL, NULL),
(188, 68, NULL, NULL),
(188, 69, NULL, NULL),
(189, 68, NULL, NULL),
(189, 69, NULL, NULL),
(190, 53, NULL, NULL),
(191, 54, NULL, NULL),
(192, 64, NULL, NULL),
(193, 63, NULL, NULL),
(194, 53, NULL, NULL),
(195, 54, NULL, NULL),
(196, 68, NULL, NULL),
(196, 69, NULL, NULL),
(197, 68, NULL, NULL),
(197, 69, NULL, NULL),
(198, 68, NULL, NULL),
(198, 69, NULL, NULL),
(199, 68, NULL, NULL),
(199, 69, NULL, NULL),
(200, 68, NULL, NULL),
(200, 69, NULL, NULL),
(201, 53, NULL, NULL),
(202, 64, NULL, NULL),
(203, 64, NULL, NULL),
(204, 64, NULL, NULL),
(205, 64, NULL, NULL),
(206, 64, NULL, NULL),
(207, 64, NULL, NULL),
(208, 64, NULL, NULL),
(209, 63, NULL, NULL),
(210, 63, NULL, NULL),
(211, 53, NULL, NULL),
(212, 53, NULL, NULL),
(213, 53, NULL, NULL),
(214, 53, NULL, NULL),
(215, 54, NULL, NULL),
(216, 53, NULL, NULL),
(217, 64, NULL, NULL),
(218, 63, NULL, NULL),
(219, 64, NULL, NULL),
(220, 64, NULL, NULL),
(221, 63, NULL, NULL),
(222, 51, NULL, NULL),
(223, 64, NULL, NULL),
(224, 64, NULL, NULL),
(225, 53, NULL, NULL),
(226, 69, NULL, NULL),
(227, 67, NULL, NULL),
(228, 69, NULL, NULL),
(229, 64, NULL, NULL),
(230, 67, NULL, NULL),
(231, 71, NULL, NULL),
(232, 69, NULL, NULL),
(233, 64, NULL, NULL),
(234, 64, NULL, NULL),
(235, 64, NULL, NULL),
(236, 63, NULL, NULL),
(237, 64, NULL, NULL),
(238, 64, NULL, NULL),
(239, 70, NULL, NULL),
(240, 64, NULL, NULL),
(241, 64, NULL, NULL),
(242, 70, NULL, NULL),
(243, 64, NULL, NULL),
(244, 70, NULL, NULL),
(245, 70, NULL, NULL),
(246, 64, NULL, NULL),
(247, 64, NULL, NULL),
(248, 64, NULL, NULL),
(249, 69, NULL, NULL),
(250, 67, NULL, NULL),
(251, 67, NULL, NULL),
(252, 69, NULL, NULL),
(253, 71, NULL, NULL),
(254, 71, NULL, NULL),
(255, 63, NULL, NULL),
(256, 63, NULL, NULL),
(257, 63, NULL, NULL),
(258, 63, NULL, NULL),
(259, 63, NULL, NULL),
(260, 63, NULL, NULL),
(261, 63, NULL, NULL),
(262, 53, NULL, NULL),
(263, 53, NULL, NULL),
(264, 62, NULL, NULL),
(265, 62, NULL, NULL),
(266, 64, NULL, NULL),
(267, 62, NULL, NULL),
(268, 62, NULL, NULL),
(269, 62, NULL, NULL),
(271, 62, NULL, NULL),
(272, 62, NULL, NULL),
(273, 64, NULL, NULL),
(275, 64, NULL, NULL),
(276, 62, NULL, NULL),
(277, 62, NULL, NULL),
(278, 64, NULL, NULL),
(279, 64, NULL, NULL),
(280, 64, NULL, NULL),
(281, 64, NULL, NULL),
(282, 64, NULL, NULL),
(283, 64, NULL, NULL),
(284, 64, NULL, NULL),
(285, 64, NULL, NULL),
(286, 64, NULL, NULL),
(287, 63, NULL, NULL),
(288, 63, NULL, NULL),
(289, 64, NULL, NULL),
(290, 64, NULL, NULL),
(291, 64, NULL, NULL),
(292, 56, NULL, NULL),
(293, 53, NULL, NULL),
(294, 54, NULL, NULL),
(295, 64, NULL, NULL),
(296, 64, NULL, NULL),
(297, 64, NULL, NULL),
(298, 63, NULL, NULL),
(299, 64, NULL, NULL),
(300, 64, NULL, NULL),
(301, 64, NULL, NULL),
(302, 60, NULL, NULL),
(303, 69, NULL, NULL),
(304, 69, NULL, NULL),
(305, 69, NULL, NULL),
(306, 64, NULL, NULL),
(307, 69, NULL, NULL),
(308, 69, NULL, NULL),
(309, 64, NULL, NULL),
(310, 64, NULL, NULL),
(311, 56, NULL, NULL),
(312, 71, NULL, NULL),
(313, 67, NULL, NULL),
(313, 68, NULL, NULL),
(314, 67, NULL, NULL),
(314, 68, NULL, NULL),
(315, 67, NULL, NULL),
(315, 68, NULL, NULL),
(316, 69, NULL, NULL),
(317, 51, NULL, NULL),
(318, 51, NULL, NULL),
(319, 51, NULL, NULL),
(320, 51, NULL, NULL),
(321, 51, NULL, NULL),
(322, 51, NULL, NULL),
(324, 51, NULL, NULL),
(325, 51, NULL, NULL),
(326, 51, NULL, NULL),
(327, 51, NULL, NULL),
(329, 62, NULL, NULL),
(330, 62, NULL, NULL),
(331, 63, NULL, NULL),
(332, 67, NULL, NULL),
(333, 62, NULL, NULL),
(334, 67, NULL, NULL),
(335, 71, NULL, NULL),
(336, 64, NULL, NULL),
(337, 67, NULL, NULL),
(338, 67, NULL, NULL),
(339, 63, NULL, NULL),
(340, 64, NULL, NULL),
(341, 54, NULL, NULL),
(342, 53, NULL, NULL),
(343, 63, NULL, NULL),
(344, 64, NULL, NULL),
(345, 54, NULL, NULL),
(346, 53, NULL, NULL),
(347, 64, NULL, NULL),
(348, 63, NULL, NULL),
(349, 54, NULL, NULL),
(350, 53, NULL, NULL),
(351, 63, NULL, NULL),
(352, 64, NULL, NULL),
(353, 63, NULL, NULL),
(354, 53, NULL, NULL),
(355, 64, NULL, NULL),
(356, 63, NULL, NULL),
(357, 63, NULL, NULL),
(358, 63, NULL, NULL),
(359, 51, NULL, NULL),
(360, 54, NULL, NULL),
(361, 53, NULL, NULL),
(362, 54, NULL, NULL),
(363, 53, NULL, NULL),
(364, 53, NULL, NULL),
(365, 54, NULL, NULL),
(366, 53, NULL, NULL),
(367, 54, NULL, NULL),
(368, 53, NULL, NULL),
(369, 54, NULL, NULL),
(370, 53, NULL, NULL),
(371, 64, NULL, NULL),
(372, 64, NULL, NULL),
(373, 64, NULL, NULL),
(374, 64, NULL, NULL),
(375, 64, NULL, NULL),
(376, 64, NULL, NULL),
(377, 64, NULL, NULL),
(378, 53, NULL, NULL),
(379, 69, NULL, NULL),
(380, 62, NULL, NULL),
(381, 71, NULL, NULL),
(382, 63, NULL, NULL),
(383, 66, NULL, NULL),
(384, 54, NULL, NULL),
(385, 52, NULL, NULL),
(386, 53, NULL, NULL),
(387, 66, NULL, NULL),
(388, 53, NULL, NULL),
(389, 54, NULL, NULL),
(390, 71, NULL, NULL),
(391, 64, NULL, NULL),
(392, 63, NULL, NULL),
(393, 53, NULL, NULL),
(394, 53, NULL, NULL),
(395, 64, NULL, NULL),
(396, 69, NULL, NULL),
(397, 63, NULL, NULL),
(398, 64, NULL, NULL),
(399, 64, NULL, NULL);

-- --------------------------------------------------------

--
-- Estructura de tabla para la tabla `campaigns_objectives`
--

CREATE TABLE `campaigns_objectives` (
  `campaign_id` bigint(20) UNSIGNED NOT NULL,
  `objective_id` bigint(20) UNSIGNED NOT NULL,
  `created_at` timestamp NULL DEFAULT NULL,
  `updated_at` timestamp NULL DEFAULT NULL
) ENGINE=InnoDB DEFAULT CHARSET=utf8mb4 COLLATE=utf8mb4_unicode_ci;

--
-- Volcado de datos para la tabla `campaigns_objectives`
--

INSERT INTO `campaigns_objectives` (`campaign_id`, `objective_id`, `created_at`, `updated_at`) VALUES
(18, 60, NULL, NULL),
(19, 66, NULL, NULL),
(20, 56, NULL, NULL),
(21, 66, NULL, NULL),
(22, 66, NULL, NULL),
(23, 61, NULL, NULL),
(24, 58, NULL, NULL),
(25, 57, NULL, NULL),
(26, 60, NULL, NULL),
(27, 60, NULL, NULL),
(28, 60, NULL, NULL),
(29, 60, NULL, NULL),
(31, 60, NULL, NULL),
(32, 54, NULL, NULL),
(33, 60, NULL, NULL),
(34, 60, NULL, NULL),
(35, 60, NULL, NULL),
(36, 60, NULL, NULL),
(37, 60, NULL, NULL),
(38, 60, NULL, NULL),
(39, 60, NULL, NULL),
(40, 60, NULL, NULL),
(41, 60, NULL, NULL),
(42, 60, NULL, NULL),
(43, 60, NULL, NULL),
(44, 57, NULL, NULL),
(45, 57, NULL, NULL),
(46, 57, NULL, NULL),
(47, 57, NULL, NULL),
(48, 57, NULL, NULL),
(49, 57, NULL, NULL),
(50, 54, NULL, NULL),
(51, 54, NULL, NULL),
(52, 57, NULL, NULL),
(53, 60, NULL, NULL),
(54, 57, NULL, NULL),
(55, 60, NULL, NULL),
(56, 55, NULL, NULL),
(57, 55, NULL, NULL),
(58, 54, NULL, NULL),
(59, 55, NULL, NULL),
(60, 54, NULL, NULL),
(61, 54, NULL, NULL),
(62, 54, NULL, NULL),
(63, 55, NULL, NULL),
(64, 54, NULL, NULL),
(65, 54, NULL, NULL),
(66, 58, NULL, NULL),
(67, 54, NULL, NULL),
(68, 54, NULL, NULL),
(69, 54, NULL, NULL),
(70, 67, NULL, NULL),
(71, 54, NULL, NULL),
(72, 56, NULL, NULL),
(73, 56, NULL, NULL),
(74, 57, NULL, NULL),
(75, 56, NULL, NULL),
(76, 56, NULL, NULL),
(77, 56, NULL, NULL),
(78, 56, NULL, NULL),
(79, 60, NULL, NULL),
(80, 60, NULL, NULL),
(81, 57, NULL, NULL),
(82, 60, NULL, NULL),
(83, 56, NULL, NULL),
(84, 60, NULL, NULL),
(85, 60, NULL, NULL),
(86, 55, NULL, NULL),
(87, 54, NULL, NULL),
(88, 55, NULL, NULL),
(89, 59, NULL, NULL),
(90, 60, NULL, NULL),
(91, 60, NULL, NULL),
(92, 56, NULL, NULL),
(93, 60, NULL, NULL),
(94, 56, NULL, NULL),
(95, 60, NULL, NULL),
(96, 58, NULL, NULL),
(97, 57, NULL, NULL),
(98, 57, NULL, NULL),
(99, 57, NULL, NULL),
(100, 56, NULL, NULL),
(101, 58, NULL, NULL),
(102, 57, NULL, NULL),
(103, 57, NULL, NULL),
(104, 60, NULL, NULL),
(105, 57, NULL, NULL),
(106, 60, NULL, NULL),
(107, 57, NULL, NULL),
(108, 56, NULL, NULL),
(109, 60, NULL, NULL),
(110, 57, NULL, NULL),
(111, 56, NULL, NULL),
(112, 60, NULL, NULL),
(113, 57, NULL, NULL),
(114, 56, NULL, NULL),
(115, 60, NULL, NULL),
(116, 60, NULL, NULL),
(117, 55, NULL, NULL),
(118, 56, NULL, NULL),
(119, 56, NULL, NULL),
(120, 60, NULL, NULL),
(121, 60, NULL, NULL),
(122, 60, NULL, NULL),
(123, 60, NULL, NULL),
(124, 59, NULL, NULL),
(125, 56, NULL, NULL),
(126, 56, NULL, NULL),
(127, 56, NULL, NULL),
(128, 60, NULL, NULL),
(129, 56, NULL, NULL),
(130, 59, NULL, NULL),
(131, 56, NULL, NULL),
(132, 60, NULL, NULL),
(133, 56, NULL, NULL),
(134, 56, NULL, NULL),
(135, 56, NULL, NULL),
(136, 60, NULL, NULL),
(137, 60, NULL, NULL),
(138, 60, NULL, NULL),
(139, 60, NULL, NULL),
(140, 60, NULL, NULL),
(141, 59, NULL, NULL),
(142, 57, NULL, NULL),
(143, 57, NULL, NULL),
(144, 57, NULL, NULL),
(145, 60, NULL, NULL),
(146, 56, NULL, NULL),
(147, 60, NULL, NULL),
(148, 56, NULL, NULL),
(149, 60, NULL, NULL),
(150, 56, NULL, NULL),
(151, 56, NULL, NULL),
(152, 56, NULL, NULL),
(153, 54, NULL, NULL),
(154, 56, NULL, NULL),
(155, 57, NULL, NULL),
(156, 66, NULL, NULL),
(157, 58, NULL, NULL),
(159, 58, NULL, NULL),
(160, 61, NULL, NULL),
(161, 58, NULL, NULL),
(162, 58, NULL, NULL),
(163, 58, NULL, NULL),
(164, 58, NULL, NULL),
(165, 58, NULL, NULL),
(166, 58, NULL, NULL),
(167, 58, NULL, NULL),
(168, 58, NULL, NULL),
(169, 58, NULL, NULL),
(170, 58, NULL, NULL),
(171, 56, NULL, NULL),
(172, 56, NULL, NULL),
(173, 56, NULL, NULL),
(174, 56, NULL, NULL),
(175, 56, NULL, NULL),
(176, 60, NULL, NULL),
(177, 57, NULL, NULL),
(178, 58, NULL, NULL),
(179, 56, NULL, NULL),
(180, 60, NULL, NULL),
(181, 57, NULL, NULL),
(182, 58, NULL, NULL),
(183, 56, NULL, NULL),
(184, 60, NULL, NULL),
(185, 57, NULL, NULL),
(186, 56, NULL, NULL),
(187, 56, NULL, NULL),
(188, 60, NULL, NULL),
(189, 57, NULL, NULL),
(190, 56, NULL, NULL),
(191, 56, NULL, NULL),
(192, 60, NULL, NULL),
(193, 57, NULL, NULL),
(194, 60, NULL, NULL),
(195, 60, NULL, NULL),
(196, 70, NULL, NULL),
(197, 55, NULL, NULL),
(198, 58, NULL, NULL),
(199, 56, NULL, NULL),
(199, 61, NULL, NULL),
(200, 57, NULL, NULL),
(201, 58, NULL, NULL),
(202, 60, NULL, NULL),
(203, 60, NULL, NULL),
(204, 60, NULL, NULL),
(205, 60, NULL, NULL),
(206, 60, NULL, NULL),
(207, 60, NULL, NULL),
(208, 60, NULL, NULL),
(209, 57, NULL, NULL),
(210, 57, NULL, NULL),
(211, 56, NULL, NULL),
(212, 56, NULL, NULL),
(213, 56, NULL, NULL),
(214, 56, NULL, NULL),
(215, 56, NULL, NULL),
(216, 56, NULL, NULL),
(217, 60, NULL, NULL),
(218, 57, NULL, NULL),
(219, 58, NULL, NULL),
(220, 60, NULL, NULL),
(221, 57, NULL, NULL),
(222, 58, NULL, NULL),
(223, 60, NULL, NULL),
(224, 60, NULL, NULL),
(225, 56, NULL, NULL),
(226, 55, NULL, NULL),
(227, 56, NULL, NULL),
(228, 55, NULL, NULL),
(229, 67, NULL, NULL),
(230, 56, NULL, NULL),
(231, 55, NULL, NULL),
(232, 55, NULL, NULL),
(233, 67, NULL, NULL),
(234, 67, NULL, NULL),
(235, 56, NULL, NULL),
(236, 56, NULL, NULL),
(237, 55, NULL, NULL),
(238, 55, NULL, NULL),
(239, 55, NULL, NULL),
(240, 67, NULL, NULL),
(241, 56, NULL, NULL),
(242, 55, NULL, NULL),
(243, 67, NULL, NULL),
(244, 55, NULL, NULL),
(245, 55, NULL, NULL),
(246, 56, NULL, NULL),
(247, 55, NULL, NULL),
(248, 67, NULL, NULL),
(249, 67, NULL, NULL),
(250, 56, NULL, NULL),
(251, 56, NULL, NULL),
(252, 55, NULL, NULL),
(253, 55, NULL, NULL),
(254, 55, NULL, NULL),
(255, 57, NULL, NULL),
(256, 57, NULL, NULL),
(257, 57, NULL, NULL),
(258, 57, NULL, NULL),
(259, 57, NULL, NULL),
(260, 57, NULL, NULL),
(261, 57, NULL, NULL),
(262, 56, NULL, NULL),
(263, 56, NULL, NULL),
(264, 55, NULL, NULL),
(265, 55, NULL, NULL),
(266, 54, NULL, NULL),
(267, 54, NULL, NULL),
(268, 54, NULL, NULL),
(269, 55, NULL, NULL),
(271, 55, NULL, NULL),
(272, 55, NULL, NULL),
(273, 55, NULL, NULL),
(275, 54, NULL, NULL),
(276, 55, NULL, NULL),
(277, 55, NULL, NULL),
(278, 60, NULL, NULL),
(279, 60, NULL, NULL),
(280, 60, NULL, NULL),
(281, 60, NULL, NULL),
(282, 60, NULL, NULL),
(283, 60, NULL, NULL),
(284, 60, NULL, NULL),
(285, 55, NULL, NULL),
(286, 71, NULL, NULL),
(287, 57, NULL, NULL),
(288, 61, NULL, NULL),
(289, 60, NULL, NULL),
(290, 60, NULL, NULL),
(291, 60, NULL, NULL),
(292, 59, NULL, NULL),
(293, 56, NULL, NULL),
(294, 56, NULL, NULL),
(295, 60, NULL, NULL),
(296, 60, NULL, NULL),
(297, 57, NULL, NULL),
(298, 57, NULL, NULL),
(299, 60, NULL, NULL),
(300, 60, NULL, NULL),
(301, 60, NULL, NULL),
(302, 55, NULL, NULL),
(303, 59, NULL, NULL),
(304, 54, NULL, NULL),
(305, 58, NULL, NULL),
(306, 56, NULL, NULL),
(307, 59, NULL, NULL),
(308, 55, NULL, NULL),
(309, 55, NULL, NULL),
(310, 54, NULL, NULL),
(311, 59, NULL, NULL),
(312, 59, NULL, NULL),
(313, 56, NULL, NULL),
(314, 56, NULL, NULL),
(315, 56, NULL, NULL),
(316, 57, NULL, NULL),
(317, 56, NULL, NULL),
(318, 56, NULL, NULL),
(319, 56, NULL, NULL),
(320, 56, NULL, NULL),
(321, 56, NULL, NULL),
(322, 56, NULL, NULL),
(324, 56, NULL, NULL),
(325, 56, NULL, NULL),
(326, 56, NULL, NULL),
(327, 56, NULL, NULL),
(329, 54, NULL, NULL),
(330, 55, NULL, NULL),
(331, 55, NULL, NULL),
(332, 56, NULL, NULL),
(333, 55, NULL, NULL),
(334, 56, NULL, NULL),
(335, 55, NULL, NULL),
(336, 67, NULL, NULL),
(337, 56, NULL, NULL),
(338, 56, NULL, NULL),
(339, 57, NULL, NULL),
(340, 60, NULL, NULL),
(341, 56, NULL, NULL),
(342, 56, NULL, NULL),
(343, 57, NULL, NULL),
(344, 60, NULL, NULL),
(345, 56, NULL, NULL),
(346, 56, NULL, NULL),
(347, 60, NULL, NULL),
(348, 57, NULL, NULL),
(349, 56, NULL, NULL),
(350, 56, NULL, NULL),
(351, 57, NULL, NULL),
(352, 60, NULL, NULL),
(353, 57, NULL, NULL),
(354, 56, NULL, NULL),
(355, 60, NULL, NULL),
(356, 57, NULL, NULL),
(357, 57, NULL, NULL),
(358, 57, NULL, NULL),
(359, 56, NULL, NULL),
(360, 56, NULL, NULL),
(361, 56, NULL, NULL),
(362, 56, NULL, NULL),
(363, 56, NULL, NULL),
(364, 56, NULL, NULL),
(365, 56, NULL, NULL),
(366, 56, NULL, NULL),
(367, 56, NULL, NULL),
(368, 56, NULL, NULL),
(369, 56, NULL, NULL),
(370, 56, NULL, NULL),
(371, 55, NULL, NULL),
(372, 55, NULL, NULL),
(373, 60, NULL, NULL),
(374, 60, NULL, NULL),
(375, 60, NULL, NULL),
(376, 60, NULL, NULL),
(377, 60, NULL, NULL),
(378, 56, NULL, NULL),
(379, 55, NULL, NULL),
(380, 55, NULL, NULL),
(381, 58, NULL, NULL),
(382, 57, NULL, NULL),
(383, 56, NULL, NULL),
(384, 56, NULL, NULL),
(385, 56, NULL, NULL),
(386, 56, NULL, NULL),
(387, 56, NULL, NULL),
(388, 56, NULL, NULL),
(389, 56, NULL, NULL),
(390, 55, NULL, NULL),
(391, 60, NULL, NULL),
(392, 57, NULL, NULL),
(393, 56, NULL, NULL),
(394, 56, NULL, NULL),
(395, 58, NULL, NULL),
(396, 58, NULL, NULL),
(397, 57, NULL, NULL),
(398, 60, NULL, NULL),
(399, 55, NULL, NULL);

-- --------------------------------------------------------

--
-- Estructura de tabla para la tabla `campaign_types`
--

CREATE TABLE `campaign_types` (
  `id` bigint(20) UNSIGNED NOT NULL,
  `name` varchar(255) NOT NULL,
  `created_at` timestamp NULL DEFAULT NULL,
  `updated_at` timestamp NULL DEFAULT NULL
) ENGINE=InnoDB DEFAULT CHARSET=utf8mb4 COLLATE=utf8mb4_unicode_ci;

--
-- Volcado de datos para la tabla `campaign_types`
--

INSERT INTO `campaign_types` (`id`, `name`, `created_at`, `updated_at`) VALUES
(1, 'Paid Search (Búsqueda Pagada)', '2025-08-27 16:43:08', '2025-08-27 18:05:28'),
(4, 'Paid Social (Social Media Pagado)', '2025-08-27 18:00:58', '2025-08-27 18:05:17'),
(5, 'Display y Video', '2025-08-27 18:05:38', '2025-08-27 18:05:38'),
(6, 'Partnerships (Asociaciones)', '2025-08-27 18:08:22', '2025-08-27 18:08:22');

-- --------------------------------------------------------

--
-- Estructura de tabla para la tabla `channels`
--

CREATE TABLE `channels` (
  `id` bigint(20) UNSIGNED NOT NULL,
  `name` varchar(255) NOT NULL,
  `created_at` timestamp NULL DEFAULT NULL,
  `updated_at` timestamp NULL DEFAULT NULL
) ENGINE=InnoDB DEFAULT CHARSET=utf8mb4 COLLATE=utf8mb4_unicode_ci;

--
-- Volcado de datos para la tabla `channels`
--

INSERT INTO `channels` (`id`, `name`, `created_at`, `updated_at`) VALUES
(1, 'TikTok Ads', '2025-08-27 17:57:02', '2025-08-27 18:12:20'),
(2, 'Meta Ads (Facebook / Instagram)', '2025-08-27 18:00:46', '2025-08-27 18:12:05'),
(3, 'LinkedIn Ads', '2025-08-27 18:12:28', '2025-08-27 18:12:28'),
(4, 'X Ads (Twitter)', '2025-08-27 18:13:26', '2025-08-27 18:13:26'),
(5, 'Pinterest Ads', '2025-08-27 18:13:34', '2025-08-27 18:13:34'),
(6, 'YouTube Ads', '2025-08-27 18:13:42', '2025-08-27 18:13:42'),
(7, 'Google Search Ads (SEM/PPC)', '2025-08-27 18:13:58', '2025-08-27 18:13:58'),
(8, 'Microsoft Ads (Bing)', '2025-08-27 18:14:04', '2025-08-27 18:14:04'),
(9, 'Google Performance Max', '2025-08-27 18:14:12', '2025-08-27 18:14:12'),
(10, 'Publicidad Programática (Display/Video)', '2025-08-27 18:14:19', '2025-08-27 18:14:19'),
(11, 'Connected TV (CTV)', '2025-08-27 18:14:27', '2025-08-27 18:14:27'),
(12, 'SEO (Optimización para Buscadores)', '2025-08-27 18:14:34', '2025-08-27 18:14:34'),
(13, 'Marketing por Email', '2025-08-27 18:14:41', '2025-08-27 18:14:41'),
(14, 'Redes Sociales Orgánicas', '2025-08-27 18:14:49', '2025-08-27 18:14:49'),
(15, 'Marketing de Contenidos (Blog, etc.)', '2025-08-27 18:17:28', '2025-08-27 18:17:28'),
(16, 'Marketing por WhatsApp / SMS', '2025-08-27 18:17:47', '2025-08-27 18:17:47'),
(17, 'Marketing de Influencers', '2025-08-27 18:17:54', '2025-08-27 18:17:54'),
(18, 'Marketing de Afiliados', '2025-08-27 18:18:04', '2025-08-27 18:18:04');

-- --------------------------------------------------------

--
-- Estructura de tabla para la tabla `clients`
--

CREATE TABLE `clients` (
  `id` bigint(20) UNSIGNED NOT NULL,
  `user_id` bigint(20) UNSIGNED DEFAULT NULL,
  `name` varchar(255) NOT NULL,
  `code` varchar(10) NOT NULL,
  `active` tinyint(1) NOT NULL DEFAULT 1,
  `created_at` timestamp NULL DEFAULT NULL,
  `updated_at` timestamp NULL DEFAULT NULL
) ENGINE=InnoDB DEFAULT CHARSET=utf8mb4 COLLATE=utf8mb4_unicode_ci;

--
-- Volcado de datos para la tabla `clients`
--

INSERT INTO `clients` (`id`, `user_id`, `name`, `code`, `active`, `created_at`, `updated_at`) VALUES
(498, 10, 'Agrovet', 'AM', 1, '2025-07-09 10:34:16', '2025-07-10 17:36:34'),
(499, 2, 'Algoritmo', 'AL', 1, '2025-07-09 10:39:21', '2025-07-10 12:47:50'),
(500, 10, 'Atrevia', 'BR', 1, '2025-07-09 10:39:48', '2025-07-10 17:37:15'),
(501, 14, 'Clínica SJT', 'SJ', 1, '2025-07-09 10:40:31', '2025-07-10 17:55:46'),
(502, 14, 'Efron', 'EF', 1, '2025-07-09 10:41:18', '2025-07-10 17:47:49'),
(503, NULL, 'Exxis', 'EX', 1, '2025-07-09 10:42:17', '2025-07-09 10:42:17'),
(504, 14, 'Fibwi', 'FI', 1, '2025-07-09 10:42:54', '2025-07-10 17:57:40'),
(505, NULL, 'Florida', 'FL', 1, '2025-07-09 10:43:13', '2025-07-09 10:43:13'),
(506, NULL, 'Grupo Lucky', 'LU', 1, '2025-07-09 10:43:42', '2025-07-09 10:43:42'),
(507, 14, 'Join us', 'JO', 1, '2025-07-09 10:44:46', '2025-07-10 17:58:48'),
(508, 14, 'Laboratorios R&R', 'LA', 1, '2025-07-09 10:45:27', '2025-07-10 18:00:18'),
(509, NULL, 'Medex', 'ME', 1, '2025-07-09 10:45:47', '2025-07-09 10:45:47'),
(510, 14, 'Molero', 'MO', 1, '2025-07-09 10:46:08', '2025-07-10 17:50:08'),
(511, NULL, 'Nexo', 'NE', 1, '2025-07-09 10:46:31', '2025-07-09 10:46:31'),
(512, NULL, 'Opalux', 'OP', 1, '2025-07-09 10:47:22', '2025-07-09 10:47:22'),
(513, NULL, 'Premium Paper', 'PP', 1, '2025-07-09 10:49:12', '2025-07-09 10:49:12'),
(514, 14, 'Punta Motors', 'PM', 1, '2025-07-09 10:49:38', '2025-07-10 17:56:05'),
(515, NULL, 'Segoviana', 'SF', 1, '2025-07-09 10:50:02', '2025-07-09 10:50:02'),
(516, NULL, 'Sigma Otto Kunz', 'OK', 1, '2025-07-09 10:50:41', '2025-07-09 10:50:41'),
(517, 16, 'Taurus', 'TA', 1, '2025-07-09 10:51:01', '2025-07-10 18:05:46'),
(518, NULL, 'Tempur', 'TE', 1, '2025-07-09 10:51:26', '2025-07-09 10:51:26'),
(519, NULL, 'Tritón', 'TR', 1, '2025-07-09 10:51:49', '2025-07-09 10:51:49'),
(520, 14, 'VCSP', 'VC', 1, '2025-07-09 10:52:06', '2025-07-10 17:55:11'),
(521, 14, 'Illusione', 'IL', 1, '2025-07-09 10:53:29', '2025-07-10 17:49:50'),
(522, 14, 'Morada', 'MP', 1, '2025-07-09 10:54:05', '2025-07-10 17:51:40'),
(523, 14, 'Grupo Aurora', 'GA', 1, '2025-07-09 10:54:32', '2025-07-10 17:46:58'),
(524, 14, 'Armando Paredes', 'AP', 1, '2025-07-09 10:54:53', '2025-07-10 17:46:40'),
(525, 14, 'Libre Inmobiliaria', 'LI', 1, '2025-07-09 10:55:17', '2025-07-10 17:57:23'),
(526, 14, 'Ciudaris', 'CI', 1, '2025-07-09 10:55:39', '2025-07-10 17:47:22'),
(527, 14, 'Binda', 'BI', 1, '2025-07-09 10:55:54', '2025-07-10 17:37:38'),
(528, 14, 'Capac', 'CB', 1, '2025-07-09 10:56:27', '2025-07-10 17:38:17'),
(529, 14, 'Footloose Branding', 'FB', 1, '2025-07-09 10:57:00', '2025-07-10 17:48:40'),
(531, 14, 'A Impresores', 'AI', 1, '2025-07-09 12:35:07', '2025-07-10 17:36:15'),
(532, 9, 'BSF', 'BS', 1, '2025-07-09 12:35:35', '2025-07-10 17:37:56'),
(533, NULL, 'Impress Me', 'IM', 1, '2025-07-09 12:37:31', '2025-07-09 12:37:31'),
(534, 14, 'Solpack', 'SO', 1, '2025-07-09 12:38:16', '2025-07-10 17:54:49'),
(535, 16, 'Footloose Ecommerce', 'FO', 1, '2025-07-10 17:49:22', '2025-07-10 17:49:22'),
(536, 14, 'Redbay', 'RE', 1, '2025-07-10 17:53:56', '2025-07-10 17:53:56'),
(537, NULL, 'Fundamenta', 'FU', 1, '2025-07-10 17:54:20', '2025-07-10 17:54:20'),
(538, 14, 'Agrofest', 'AG', 1, '2025-07-10 17:58:19', '2025-07-10 17:58:19'),
(539, 14, 'Val Inmobiliaria', 'VI', 1, '2025-07-10 17:59:24', '2025-07-10 17:59:24'),
(540, 14, 'ASEI Servicios', 'AS', 1, '2025-07-10 18:00:54', '2025-07-10 18:00:54'),
(541, 16, 'ASEI Marketing', 'AN', 1, '2025-07-10 18:01:17', '2025-07-10 18:01:17'),
(542, 16, 'iShop', 'IS', 1, '2025-07-10 18:03:55', '2025-07-10 18:03:55'),
(543, 16, 'Calimod', 'CA', 1, '2025-07-10 18:04:23', '2025-07-10 18:04:23'),
(544, 16, 'Catapu', 'CC', 1, '2025-07-10 18:06:08', '2025-07-10 18:06:08'),
(545, 16, 'Volf', 'VO', 1, '2025-07-10 18:06:42', '2025-07-10 18:06:42'),
(546, 9, 'SEIDOR', 'SE', 1, '2025-08-20 10:31:46', '2025-08-20 10:31:46'),
(547, 9, 'BRAEDT-AON', 'BT', 1, '2025-08-20 10:53:07', '2025-08-20 10:53:07'),
(550, NULL, 'BO Concept', 'BC', 1, '2025-08-22 12:19:17', '2025-08-22 12:19:17');

-- --------------------------------------------------------

--
-- Estructura de tabla para la tabla `clients_verticals`
--

CREATE TABLE `clients_verticals` (
  `client_id` bigint(20) UNSIGNED NOT NULL,
  `vertical_id` bigint(20) UNSIGNED NOT NULL,
  `created_at` timestamp NULL DEFAULT NULL,
  `updated_at` timestamp NULL DEFAULT NULL
) ENGINE=InnoDB DEFAULT CHARSET=utf8mb4 COLLATE=utf8mb4_unicode_ci;

--
-- Volcado de datos para la tabla `clients_verticals`
--

INSERT INTO `clients_verticals` (`client_id`, `vertical_id`, `created_at`, `updated_at`) VALUES
(498, 10, NULL, NULL),
(498, 13, NULL, NULL),
(499, 28, NULL, NULL),
(500, 8, NULL, NULL),
(501, 20, NULL, NULL),
(502, 14, NULL, NULL),
(503, 24, NULL, NULL),
(504, 21, NULL, NULL),
(505, 8, NULL, NULL),
(506, 22, NULL, NULL),
(507, 12, NULL, NULL),
(508, 15, NULL, NULL),
(509, 20, NULL, NULL),
(510, 14, NULL, NULL),
(511, 14, NULL, NULL),
(512, 26, NULL, NULL),
(513, 18, NULL, NULL),
(514, 23, NULL, NULL),
(515, 8, NULL, NULL),
(516, 8, NULL, NULL),
(517, 27, NULL, NULL),
(518, 9, NULL, NULL),
(519, 16, NULL, NULL),
(520, 11, NULL, NULL),
(521, 14, NULL, NULL),
(522, 14, NULL, NULL),
(523, 14, NULL, NULL),
(524, 14, NULL, NULL),
(525, 14, NULL, NULL),
(526, 14, NULL, NULL),
(527, 14, NULL, NULL),
(528, 14, NULL, NULL),
(529, 19, NULL, NULL),
(531, 32, NULL, NULL),
(532, 29, NULL, NULL),
(533, 33, NULL, NULL),
(534, 31, NULL, NULL),
(535, 10, NULL, NULL),
(536, 14, NULL, NULL),
(537, 14, NULL, NULL),
(538, 8, NULL, NULL),
(538, 11, NULL, NULL),
(539, 14, NULL, NULL),
(540, 14, NULL, NULL),
(541, 14, NULL, NULL),
(542, 10, NULL, NULL),
(543, 10, NULL, NULL),
(544, 10, NULL, NULL),
(545, 10, NULL, NULL),
(546, 30, NULL, NULL),
(547, 8, NULL, NULL);

-- --------------------------------------------------------

--
-- Estructura de tabla para la tabla `comments`
--

CREATE TABLE `comments` (
  `id` bigint(20) UNSIGNED NOT NULL,
  `client_id` bigint(20) UNSIGNED NOT NULL,
  `platform_id` bigint(20) UNSIGNED NOT NULL,
  `period_id` bigint(20) UNSIGNED NOT NULL,
  `recommendation` text DEFAULT NULL,
  `conclusion` text DEFAULT NULL,
  `created_at` timestamp NULL DEFAULT NULL,
  `updated_at` timestamp NULL DEFAULT NULL
) ENGINE=InnoDB DEFAULT CHARSET=utf8mb4 COLLATE=utf8mb4_unicode_ci;

-- --------------------------------------------------------

--
-- Estructura de tabla para la tabla `failed_jobs`
--

CREATE TABLE `failed_jobs` (
  `id` bigint(20) UNSIGNED NOT NULL,
  `uuid` varchar(255) NOT NULL,
  `connection` text NOT NULL,
  `queue` text NOT NULL,
  `payload` longtext NOT NULL,
  `exception` longtext NOT NULL,
  `failed_at` timestamp NOT NULL DEFAULT current_timestamp()
) ENGINE=InnoDB DEFAULT CHARSET=utf8mb4 COLLATE=utf8mb4_unicode_ci;

-- --------------------------------------------------------

--
-- Estructura de tabla para la tabla `formats`
--

CREATE TABLE `formats` (
  `id` bigint(20) UNSIGNED NOT NULL,
  `name` varchar(255) NOT NULL,
  `code` varchar(3) NOT NULL,
  `active` tinyint(1) NOT NULL DEFAULT 1,
  `platform_id` bigint(20) UNSIGNED NOT NULL,
  `created_at` timestamp NULL DEFAULT NULL,
  `updated_at` timestamp NULL DEFAULT NULL
) ENGINE=InnoDB DEFAULT CHARSET=utf8mb4 COLLATE=utf8mb4_unicode_ci;

--
-- Volcado de datos para la tabla `formats`
--

INSERT INTO `formats` (`id`, `name`, `code`, `active`, `platform_id`, `created_at`, `updated_at`) VALUES
(51, 'Ads', '001', 1, 13, '2025-07-10 10:58:32', '2025-07-10 10:58:32'),
(52, 'Display', '002', 1, 13, '2025-07-10 10:59:03', '2025-07-10 10:59:03'),
(53, 'Search', '003', 1, 13, '2025-07-10 10:59:30', '2025-07-10 10:59:30'),
(54, 'Pmax', '004', 1, 13, '2025-07-10 10:59:49', '2025-07-10 10:59:49'),
(55, 'Shopping', '005', 1, 13, '2025-07-10 11:00:29', '2025-07-10 11:00:29'),
(56, 'YouTube', '006', 1, 13, '2025-07-10 11:00:48', '2025-07-10 11:00:48'),
(57, 'PPL', '001', 1, 14, '2025-07-10 11:01:29', '2025-07-10 11:01:29'),
(58, 'PPA', '002', 1, 14, '2025-07-10 11:01:46', '2025-07-10 11:01:46'),
(59, 'Carrusel', '003', 1, 14, '2025-07-10 11:02:00', '2025-07-10 11:02:00'),
(60, 'Video', '004', 1, 14, '2025-07-10 11:02:15', '2025-07-10 11:02:15'),
(61, 'PPL', '001', 1, 11, '2025-07-10 11:03:13', '2025-07-10 11:03:13'),
(62, 'Reel, Carrousel', '002', 1, 11, '2025-07-10 11:03:48', '2025-07-10 12:54:44'),
(63, 'Conversación', '003', 1, 11, '2025-07-10 11:04:16', '2025-07-10 11:04:16'),
(64, 'Lead ad', '004', 1, 11, '2025-07-10 11:04:34', '2025-07-10 11:04:34'),
(66, 'PPV', '005', 1, 11, '2025-07-10 11:05:30', '2025-07-10 11:05:30'),
(67, 'Collection', '006', 1, 11, '2025-07-10 11:07:55', '2025-07-10 11:07:55'),
(68, 'Carrusel', '007', 1, 11, '2025-07-10 11:08:19', '2025-07-10 11:08:19'),
(69, 'Video', '008', 1, 11, '2025-07-10 11:09:50', '2025-07-10 11:09:50'),
(70, 'Reel', '001', 1, 12, '2025-07-10 11:18:38', '2025-07-10 11:18:38'),
(71, 'Video', '002', 1, 12, '2025-07-10 11:18:56', '2025-07-10 11:18:56');

-- --------------------------------------------------------

--
-- Estructura de tabla para la tabla `jobs`
--

CREATE TABLE `jobs` (
  `id` bigint(20) UNSIGNED NOT NULL,
  `queue` varchar(255) NOT NULL,
  `payload` longtext NOT NULL,
  `attempts` tinyint(3) UNSIGNED NOT NULL,
  `reserved_at` int(10) UNSIGNED DEFAULT NULL,
  `available_at` int(10) UNSIGNED NOT NULL,
  `created_at` int(10) UNSIGNED NOT NULL
) ENGINE=InnoDB DEFAULT CHARSET=utf8mb4 COLLATE=utf8mb4_unicode_ci;

-- --------------------------------------------------------

--
-- Estructura de tabla para la tabla `job_batches`
--

CREATE TABLE `job_batches` (
  `id` varchar(255) NOT NULL,
  `name` varchar(255) NOT NULL,
  `total_jobs` int(11) NOT NULL,
  `pending_jobs` int(11) NOT NULL,
  `failed_jobs` int(11) NOT NULL,
  `failed_job_ids` longtext NOT NULL,
  `options` mediumtext DEFAULT NULL,
  `cancelled_at` int(11) DEFAULT NULL,
  `created_at` int(11) NOT NULL,
  `finished_at` int(11) DEFAULT NULL
) ENGINE=InnoDB DEFAULT CHARSET=utf8mb4 COLLATE=utf8mb4_unicode_ci;

-- --------------------------------------------------------

--
-- Estructura de tabla para la tabla `mediamixrealestates`
--

CREATE TABLE `mediamixrealestates` (
  `id` bigint(20) UNSIGNED NOT NULL,
  `period_id` bigint(20) UNSIGNED NOT NULL,
  `client_id` bigint(20) UNSIGNED NOT NULL,
  `name` varchar(255) NOT NULL,
  `created_at` timestamp NULL DEFAULT NULL,
  `updated_at` timestamp NULL DEFAULT NULL,
  `currency` varchar(3) NOT NULL,
  `fee` double NOT NULL,
  `igv` double NOT NULL
) ENGINE=InnoDB DEFAULT CHARSET=utf8mb4 COLLATE=utf8mb4_unicode_ci;

--
-- Volcado de datos para la tabla `mediamixrealestates`
--

INSERT INTO `mediamixrealestates` (`id`, `period_id`, `client_id`, `name`, `created_at`, `updated_at`, `currency`, `fee`, `igv`) VALUES
(2, 16, 499, 'Algoritmo - Agosto 2025', '2025-08-28 01:37:07', '2025-08-28 01:37:07', 'USD', 10, 18),
(3, 16, 531, 'A Impresores - Agosto 2025', '2025-08-28 01:37:31', '2025-08-28 18:04:19', 'PEN', 10, 18),
(4, 16, 527, 'Binda - Agosto 2025', '2025-08-28 01:45:49', '2025-08-28 01:48:50', 'USD', 10, 18),
(5, 20, 524, 'test', '2025-08-28 02:06:21', '2025-08-28 02:06:21', 'USD', 10, 18),
(6, 16, 521, 'Illusione - Agosto 2025', '2025-08-28 17:04:47', '2025-08-28 17:04:47', 'USD', 10, 18);

-- --------------------------------------------------------

--
-- Estructura de tabla para la tabla `mediamixrealestate_details`
--

CREATE TABLE `mediamixrealestate_details` (
  `id` bigint(20) UNSIGNED NOT NULL,
  `mediamixrealestate_id` bigint(20) UNSIGNED NOT NULL,
  `project_id` bigint(20) UNSIGNED NOT NULL,
  `campaign_type_id` bigint(20) UNSIGNED NOT NULL,
  `channel_id` bigint(20) UNSIGNED NOT NULL,
  `aon` tinyint(1) NOT NULL DEFAULT 1,
  `segmentation` varchar(255) NOT NULL,
  `investment` int(11) NOT NULL,
  `projection` int(11) NOT NULL,
  `comments` text DEFAULT NULL,
  `created_at` timestamp NULL DEFAULT NULL,
  `updated_at` timestamp NULL DEFAULT NULL,
  `result_type` varchar(255) NOT NULL,
  `state` varchar(255) NOT NULL
) ENGINE=InnoDB DEFAULT CHARSET=utf8mb4 COLLATE=utf8mb4_unicode_ci;

--
-- Volcado de datos para la tabla `mediamixrealestate_details`
--

INSERT INTO `mediamixrealestate_details` (`id`, `mediamixrealestate_id`, `project_id`, `campaign_type_id`, `channel_id`, `aon`, `segmentation`, `investment`, `projection`, `comments`, `created_at`, `updated_at`, `result_type`, `state`) VALUES
(3, 6, 299, 5, 11, 1, 'Prospecting (Intereses / Comportamientos)', 1500, 1000, 'Comentario opcional', '2025-09-11 18:19:01', '2025-09-11 18:19:01', 'Acciones', 'Activa'),
(4, 6, 301, 5, 9, 0, 'Prospecting (Intereses / Comportamientos)', 100, 100, NULL, '2025-09-11 18:47:33', '2025-09-11 18:47:33', 'Acciones', 'Activa'),
(5, 6, 300, 5, 9, 0, 'Prospecting (Intereses / Comportamientos)', 100, 100, NULL, '2025-09-11 18:49:27', '2025-09-11 18:49:27', 'Impresiones', 'Activa'),
(6, 6, 301, 5, 9, 0, 'Prospecting (Intereses / Comportamientos)', 100, 100, NULL, '2025-09-11 18:50:51', '2025-09-11 18:50:51', 'Impresiones', 'Activa'),
(7, 6, 299, 5, 11, 0, 'Públicos Similares (Lookalikes - LAL)', 100, 1000, NULL, '2025-09-18 10:24:34', '2025-09-18 10:24:34', 'Acciones', 'Activa');

-- --------------------------------------------------------

--
-- Estructura de tabla para la tabla `migrations`
--

CREATE TABLE `migrations` (
  `id` int(10) UNSIGNED NOT NULL,
  `migration` varchar(255) NOT NULL,
  `batch` int(11) NOT NULL
) ENGINE=InnoDB DEFAULT CHARSET=utf8mb4 COLLATE=utf8mb4_unicode_ci;

--
-- Volcado de datos para la tabla `migrations`
--

INSERT INTO `migrations` (`id`, `migration`, `batch`) VALUES
(1, '0001_01_01_000000_create_users_table', 1),
(2, '0001_01_01_000001_create_cache_table', 1),
(3, '0001_01_01_000002_create_jobs_table', 1),
(4, '2025_05_26_190907_create_personal_access_tokens_table', 2),
(5, '2025_05_26_055808_create_clients_table', 3),
(7, '2025_05_29_164008_drop_projects_table', 5),
(8, '2025_05_29_164735_create_projects_table2', 6),
(9, '2025_05_27_232844_create_projects_table', 7),
(10, '2025_05_30_202814_create_platforms_table', 8),
(11, '2025_05_30_225505_create_formats_table', 9),
(12, '2025_05_30_230636_drop_formats_table', 10),
(13, '2025_05_30_230734_create_formats_table', 11),
(14, '2025_06_03_151425_drop_users_table', 12),
(15, '2025_06_03_152238_create_users_table', 13),
(16, '2025_06_03_153022_drop_users_table', 14),
(17, '2025_06_03_153057_create_users_table', 15),
(18, '2025_06_03_201402_drop_users_table', 16),
(19, '2025_06_03_201439_create_users_table', 17),
(20, '2025_06_03_211503_drop_users_table', 18),
(21, '2025_06_03_211807_create_users_table', 19),
(22, '2025_06_10_121532_create_periods_table', 20),
(23, '2025_06_10_164710_add_user_id_to_clientes_table', 21),
(24, '2025_06_11_135205_add_vertical_to_clients_table', 22),
(25, '2025_06_11_143855_add_group_to_projects_table', 23),
(26, '2025_06_12_161923_create_objectives_table', 24),
(27, '2025_06_13_152706_create_campaign_table', 25),
(28, '2025_06_13_154328_drop_campaign_table', 26),
(29, '2025_06_13_154358_create_campaigns_table', 27),
(30, '2025_06_13_154453_create_campaigns_formats_table', 28),
(31, '2025_06_13_211342_remove_vertical_from_clients', 29),
(32, '2025_06_16_124839_add_rows_to_campaigns_table', 30),
(33, '2025_06_16_132742_create_verticals_table', 31),
(34, '2025_06_16_132843_create_clients_verticals_table', 32),
(35, '2025_06_16_141504_create_campaigns_formats2_table', 33),
(36, '2025_06_16_141802_drop_campaigns_formats2_table', 34),
(37, '2025_06_16_143840_create_campaigns_objectives_table', 35),
(38, '2025_06_20_160050_create_urls_table', 36),
(39, '2025_06_24_125653_drop_urls_table', 37),
(40, '2025_06_24_125831_create_urls_table', 38),
(41, '2025_07_02_164156_create_comments_table', 39),
(42, '2025_07_21_174636_create_campaign_types_table', 40),
(43, '2025_07_22_100904_remove_aon_from_campaign_types_table', 40),
(44, '2025_07_22_105309_create_mediums_table', 40),
(45, '2025_08_14_101211_drop_mediums_table', 40),
(46, '2025_08_14_101508_create_channels_table', 40),
(47, '2025_08_14_102857_drop_campaign_types_mediums_table', 40),
(48, '2025_08_14_143646_create_mediamixrealestate_table', 40),
(49, '2025_08_18_165511_create_mediamixrealestates_details_table', 40),
(50, '2025_08_19_134908_drop_mediamixrealestate_details_formats_table', 40),
(51, '2025_08_19_142513_drop_mediamixrealestate_details_formats_table', 40),
(52, '2025_08_19_142742_create_mediamixrealestate_details_formats_table', 40),
(53, '2025_08_19_143808_create_mediamixrealestate_details_objectives_table', 40),
(54, '2025_08_19_161421_create_mediamixrealestates_details_table', 41),
(55, '2025_08_19_191516_create_mediamixrealestate_details_formats_table', 41),
(56, '2025_08_19_191534_create_mediamixrealestate_details_objectives_table', 41),
(57, '2025_08_21_125831_remove_currency_from_mediamixrealestate_details', 42),
(58, '2025_08_21_130128_add_rows_to_mediamixrealestates', 43),
(59, '2025_08_21_130357_add_row_to_objectives', 44),
(60, '2025_08_21_130551_remove_currency_from_objectives', 45),
(61, '2025_08_21_130612_add_row_to_objectives', 46),
(62, '2025_08_21_130709_add_row_to_mediamixrealestate_details', 47);

-- --------------------------------------------------------

--
-- Estructura de tabla para la tabla `mmre_details_formats`
--

CREATE TABLE `mmre_details_formats` (
  `mmre_detail_id` bigint(20) UNSIGNED NOT NULL,
  `format_id` bigint(20) UNSIGNED NOT NULL,
  `created_at` timestamp NULL DEFAULT NULL,
  `updated_at` timestamp NULL DEFAULT NULL
) ENGINE=InnoDB DEFAULT CHARSET=utf8mb4 COLLATE=utf8mb4_unicode_ci;

--
-- Volcado de datos para la tabla `mmre_details_formats`
--

INSERT INTO `mmre_details_formats` (`mmre_detail_id`, `format_id`, `created_at`, `updated_at`) VALUES
(3, 51, NULL, NULL),
(4, 53, NULL, NULL),
(5, 52, NULL, NULL),
(6, 63, NULL, NULL),
(7, 52, NULL, NULL);

-- --------------------------------------------------------

--
-- Estructura de tabla para la tabla `mmre_details_objectives`
--

CREATE TABLE `mmre_details_objectives` (
  `mmre_detail_id` bigint(20) UNSIGNED NOT NULL,
  `objective_id` bigint(20) UNSIGNED NOT NULL,
  `created_at` timestamp NULL DEFAULT NULL,
  `updated_at` timestamp NULL DEFAULT NULL
) ENGINE=InnoDB DEFAULT CHARSET=utf8mb4 COLLATE=utf8mb4_unicode_ci;

--
-- Volcado de datos para la tabla `mmre_details_objectives`
--

INSERT INTO `mmre_details_objectives` (`mmre_detail_id`, `objective_id`, `created_at`, `updated_at`) VALUES
(3, 61, NULL, NULL),
(4, 61, NULL, NULL),
(5, 55, NULL, NULL),
(6, 55, NULL, NULL),
(7, 61, NULL, NULL);

-- --------------------------------------------------------

--
-- Estructura de tabla para la tabla `objectives`
--

CREATE TABLE `objectives` (
  `id` bigint(20) UNSIGNED NOT NULL,
  `name` varchar(255) NOT NULL,
  `code` varchar(3) NOT NULL,
  `created_at` timestamp NULL DEFAULT NULL,
  `updated_at` timestamp NULL DEFAULT NULL,
  `default_result` varchar(255) NOT NULL
) ENGINE=InnoDB DEFAULT CHARSET=utf8mb4 COLLATE=utf8mb4_unicode_ci;

--
-- Volcado de datos para la tabla `objectives`
--

INSERT INTO `objectives` (`id`, `name`, `code`, `created_at`, `updated_at`, `default_result`) VALUES
(54, 'Interacción (Engagement)', '001', '2025-07-09 11:34:18', '2025-08-27 11:19:15', 'interacciones'),
(55, 'Alcance', '002', '2025-07-10 11:57:05', '2025-08-27 11:11:10', 'Impresiones'),
(56, 'Conversión', '003', '2025-07-10 11:57:22', '2025-08-27 11:21:52', 'conversiones'),
(57, 'Whatsapp', '004', '2025-07-10 11:57:42', '2025-08-27 11:23:10', 'mensajes'),
(58, 'Tráfico', '005', '2025-07-10 11:58:01', '2025-08-27 11:12:49', 'Personas Alcanzadas'),
(59, 'Reproducciones', '006', '2025-07-10 11:58:12', '2025-08-27 11:23:02', 'reproducciones'),
(60, 'Leads (Clientes Potenciales)', '007', '2025-07-10 11:59:03', '2025-08-27 11:14:04', 'Leads'),
(61, 'Agregar carrito', '008', '2025-07-10 11:59:14', '2025-08-27 11:18:13', 'Acciones'),
(62, 'Generar Visitas al Perfil', '009', '2025-07-10 11:59:41', '2025-08-27 11:20:12', 'Visitas'),
(64, 'Mensajes', '011', '2025-07-10 12:00:51', '2025-08-27 11:21:00', 'mensajes'),
(66, 'Compras', '013', '2025-07-10 12:01:55', '2025-08-27 11:18:41', 'Ventas Totales'),
(67, 'Visitas al perfil', '014', '2025-07-10 12:02:59', '2025-08-27 11:21:39', 'visitas'),
(69, 'Conversaciones', '015', '2025-08-20 23:16:55', '2025-08-27 11:18:50', 'Conversaciones'),
(70, 'Clics', '016', '2025-08-20 23:52:40', '2025-08-27 11:18:26', 'Clics'),
(71, 'Reconocimiento de marca', '017', '2025-08-27 11:11:39', '2025-08-27 11:11:39', 'Ad Recall Lift'),
(72, 'Conversiones (Ventas)', '018', '2025-08-27 11:17:13', '2025-08-27 11:17:13', 'Ventas Totales'),
(73, 'Micro-Conversiones', '019', '2025-08-27 11:17:53', '2025-08-27 11:17:53', 'Acciones');

-- --------------------------------------------------------

--
-- Estructura de tabla para la tabla `password_reset_tokens`
--

CREATE TABLE `password_reset_tokens` (
  `email` varchar(255) NOT NULL,
  `token` varchar(255) NOT NULL,
  `created_at` timestamp NULL DEFAULT NULL
) ENGINE=InnoDB DEFAULT CHARSET=utf8mb4 COLLATE=utf8mb4_unicode_ci;

-- --------------------------------------------------------

--
-- Estructura de tabla para la tabla `periods`
--

CREATE TABLE `periods` (
  `id` bigint(20) UNSIGNED NOT NULL,
  `month` varchar(255) NOT NULL,
  `month_number` int(11) NOT NULL,
  `year` int(11) NOT NULL,
  `name` varchar(255) NOT NULL,
  `created_at` timestamp NULL DEFAULT NULL,
  `updated_at` timestamp NULL DEFAULT NULL
) ENGINE=InnoDB DEFAULT CHARSET=utf8mb4 COLLATE=utf8mb4_unicode_ci;

--
-- Volcado de datos para la tabla `periods`
--

INSERT INTO `periods` (`id`, `month`, `month_number`, `year`, `name`, `created_at`, `updated_at`) VALUES
(9, 'Enero', 1, 2025, 'Enero 2025', '2025-07-03 17:12:26', '2025-07-03 17:12:26'),
(10, 'Febrero', 2, 2025, 'Febrero 2025', '2025-07-03 17:12:30', '2025-07-03 17:12:30'),
(11, 'Marzo', 3, 2025, 'Marzo 2025', '2025-07-03 17:12:33', '2025-07-03 17:12:33'),
(12, 'Abril', 4, 2025, 'Abril 2025', '2025-07-03 17:12:38', '2025-07-03 17:12:38'),
(13, 'Mayo', 5, 2025, 'Mayo 2025', '2025-07-03 17:12:42', '2025-07-03 17:12:42'),
(14, 'Junio', 6, 2025, 'Junio 2025', '2025-07-03 17:12:45', '2025-07-03 17:12:45'),
(15, 'Julio', 7, 2025, 'Julio 2025', '2025-07-03 17:12:48', '2025-07-03 17:12:48'),
(16, 'Agosto', 8, 2025, 'Agosto 2025', '2025-07-03 17:12:51', '2025-07-03 17:12:51'),
(17, 'Septiembre', 9, 2025, 'Septiembre 2025', '2025-07-03 17:12:53', '2025-07-03 17:12:53'),
(18, 'Octubre', 10, 2025, 'Octubre 2025', '2025-07-03 17:12:56', '2025-07-03 17:12:56'),
(19, 'Noviembre', 11, 2025, 'Noviembre 2025', '2025-07-03 17:12:58', '2025-07-03 17:12:58'),
(20, 'Diciembre', 12, 2025, 'Diciembre 2025', '2025-07-03 17:13:00', '2025-07-03 17:13:00'),
(21, 'Enero', 1, 2024, 'Enero 2024', '2025-07-03 17:13:08', '2025-07-03 17:13:08'),
(22, 'Febrero', 2, 2024, 'Febrero 2024', '2025-07-03 17:13:10', '2025-07-03 17:13:10'),
(23, 'Marzo', 3, 2024, 'Marzo 2024', '2025-07-03 17:13:12', '2025-07-03 17:13:12'),
(24, 'Abril', 4, 2024, 'Abril 2024', '2025-07-03 17:13:14', '2025-07-03 17:13:14'),
(25, 'Mayo', 5, 2024, 'Mayo 2024', '2025-07-03 17:13:16', '2025-07-03 17:13:16'),
(26, 'Junio', 6, 2024, 'Junio 2024', '2025-07-03 17:13:18', '2025-07-03 17:13:18'),
(27, 'Julio', 7, 2024, 'Julio 2024', '2025-07-03 17:13:21', '2025-07-03 17:13:21'),
(28, 'Agosto', 8, 2024, 'Agosto 2024', '2025-07-03 17:13:23', '2025-07-03 17:13:23'),
(29, 'Septiembre', 9, 2024, 'Septiembre 2024', '2025-07-03 17:13:25', '2025-07-03 17:13:25'),
(30, 'Octubre', 10, 2024, 'Octubre 2024', '2025-07-03 17:13:28', '2025-07-03 17:13:28'),
(31, 'Noviembre', 11, 2024, 'Noviembre 2024', '2025-07-03 17:13:30', '2025-07-03 17:13:30'),
(32, 'Diciembre', 12, 2024, 'Diciembre 2024', '2025-07-03 17:13:31', '2025-07-03 17:13:31');

-- --------------------------------------------------------

--
-- Estructura de tabla para la tabla `personal_access_tokens`
--

CREATE TABLE `personal_access_tokens` (
  `id` bigint(20) UNSIGNED NOT NULL,
  `tokenable_type` varchar(255) NOT NULL,
  `tokenable_id` bigint(20) UNSIGNED NOT NULL,
  `name` varchar(255) NOT NULL,
  `token` varchar(64) NOT NULL,
  `abilities` text DEFAULT NULL,
  `last_used_at` timestamp NULL DEFAULT NULL,
  `expires_at` timestamp NULL DEFAULT NULL,
  `created_at` timestamp NULL DEFAULT NULL,
  `updated_at` timestamp NULL DEFAULT NULL
) ENGINE=InnoDB DEFAULT CHARSET=utf8mb4 COLLATE=utf8mb4_unicode_ci;

-- --------------------------------------------------------

--
-- Estructura de tabla para la tabla `platforms`
--

CREATE TABLE `platforms` (
  `id` bigint(20) UNSIGNED NOT NULL,
  `name` varchar(255) NOT NULL,
  `code` varchar(10) NOT NULL,
  `active` tinyint(1) NOT NULL DEFAULT 1,
  `created_at` timestamp NULL DEFAULT NULL,
  `updated_at` timestamp NULL DEFAULT NULL
) ENGINE=InnoDB DEFAULT CHARSET=utf8mb4 COLLATE=utf8mb4_unicode_ci;

--
-- Volcado de datos para la tabla `platforms`
--

INSERT INTO `platforms` (`id`, `name`, `code`, `active`, `created_at`, `updated_at`) VALUES
(11, 'Meta', 'MT', 1, '2025-07-09 12:51:56', '2025-07-09 12:51:56'),
(12, 'TikTok', 'TT', 1, '2025-07-10 10:11:41', '2025-07-10 17:13:30'),
(13, 'Google', 'GG', 1, '2025-07-10 10:11:57', '2025-07-10 17:00:05'),
(14, 'LinkedIn', 'LI', 1, '2025-07-10 10:12:08', '2025-07-10 10:12:08'),
(15, 'YouTube', 'YO', 1, '2025-07-10 10:56:30', '2025-07-10 10:56:30'),
(16, 'Programática', 'PR', 1, '2025-07-10 17:14:10', '2025-07-10 17:14:10');

-- --------------------------------------------------------

--
-- Estructura de tabla para la tabla `projects`
--

CREATE TABLE `projects` (
  `id` bigint(20) UNSIGNED NOT NULL,
  `name` varchar(255) NOT NULL,
  `code` varchar(3) NOT NULL,
  `active` tinyint(1) NOT NULL DEFAULT 1,
  `client_id` bigint(20) UNSIGNED NOT NULL,
  `created_at` timestamp NULL DEFAULT NULL,
  `updated_at` timestamp NULL DEFAULT NULL,
  `group` varchar(255) DEFAULT NULL
) ENGINE=InnoDB DEFAULT CHARSET=utf8mb4 COLLATE=utf8mb4_unicode_ci;

--
-- Volcado de datos para la tabla `projects`
--

INSERT INTO `projects` (`id`, `name`, `code`, `active`, `client_id`, `created_at`, `updated_at`, `group`) VALUES
(153, 'Campaña de lunes a viernes', '001', 1, 531, '2025-07-09 12:49:33', '2025-07-09 12:49:33', NULL),
(154, 'Advantage ganadería', '001', 1, 498, '2025-07-09 12:50:32', '2025-07-09 12:50:32', NULL),
(155, 'Performance', '002', 1, 498, '2025-07-09 12:51:27', '2025-07-09 12:51:27', NULL),
(156, 'Venta asistida', '003', 1, 498, '2025-07-09 14:17:59', '2025-07-09 14:17:59', NULL),
(157, 'Algoritmo', '001', 1, 499, '2025-07-09 14:23:48', '2025-07-10 12:48:29', 'Perú'),
(158, 'Branding Armando Paredes', '001', 1, 524, '2025-07-09 14:25:55', '2025-07-09 14:25:55', NULL),
(159, 'CAMPAÑA MARCA', '002', 1, 524, '2025-07-09 14:26:38', '2025-07-09 14:26:38', NULL),
(160, 'CAMPAÑA SAN ISIDRO', '003', 1, 524, '2025-07-09 14:30:39', '2025-07-09 14:30:39', NULL),
(161, 'CAMPAÑA MIRAFLORES', '004', 1, 524, '2025-07-09 14:31:05', '2025-07-09 14:31:05', NULL),
(162, 'CAMPAÑA MARCA + SAN ISIDRO + MIRAFLORES', '005', 1, 524, '2025-07-09 14:31:54', '2025-07-10 12:33:23', NULL),
(163, 'CAMPAÑA PROMOCIONAL SAN ISIDRO', '006', 1, 524, '2025-07-09 15:23:10', '2025-07-09 15:23:10', NULL),
(164, 'CAMPAÑA PROMOCIONAL MIRAFLORES', '007', 1, 524, '2025-07-09 15:23:30', '2025-07-09 15:23:30', NULL),
(165, 'LAURELES Y DOS DE MAYO ENTREGA INMEDIATA', '008', 1, 524, '2025-07-09 15:23:52', '2025-07-09 15:23:52', NULL),
(166, 'TORIBIO POLO', '009', 1, 524, '2025-07-09 15:24:14', '2025-07-09 15:24:14', NULL),
(167, 'LIBERTAD - DEPAS', '010', 1, 524, '2025-07-09 15:24:49', '2025-07-10 12:34:18', NULL),
(168, 'LIBERTAD - OFICINAS', '011', 1, 524, '2025-07-09 15:25:11', '2025-07-10 12:34:48', NULL),
(169, 'LIBERTAD', '012', 1, 524, '2025-07-09 15:25:35', '2025-07-09 15:25:35', NULL),
(170, 'PASAJE LOS PINOS', '013', 1, 524, '2025-07-09 15:26:48', '2025-07-09 15:26:48', NULL),
(171, 'PARQUE INCARIO', '014', 1, 524, '2025-07-09 15:27:05', '2025-07-09 15:27:05', NULL),
(172, 'PASAJE UGARTE', '015', 1, 524, '2025-07-09 15:27:27', '2025-07-09 15:27:27', NULL),
(173, '\"CIERRA PUERTAS -  PROMO : CAMPAÑA\"', '016', 1, 524, '2025-07-09 15:28:04', '2025-07-10 12:33:53', NULL),
(174, 'Branding', '017', 1, 524, '2025-07-09 15:28:20', '2025-07-09 15:28:20', NULL),
(175, 'Pet Lovers', '001', 1, 500, '2025-07-09 15:32:14', '2025-07-09 15:32:14', NULL),
(176, 'Verona', '001', 1, 527, '2025-07-09 15:59:04', '2025-07-09 15:59:04', NULL),
(177, 'Milano', '002', 1, 527, '2025-07-09 15:59:32', '2025-07-09 15:59:32', NULL),
(178, 'Brick', '003', 1, 527, '2025-07-09 16:00:03', '2025-07-09 16:00:03', NULL),
(179, 'Jardines', '004', 1, 527, '2025-07-09 16:13:00', '2025-07-09 16:13:00', NULL),
(180, 'Buenavista', '005', 1, 527, '2025-07-09 16:13:15', '2025-07-09 16:13:15', NULL),
(181, 'BSF', '001', 1, 532, '2025-07-09 16:14:34', '2025-07-09 16:14:34', NULL),
(182, 'Urban', '001', 1, 528, '2025-07-09 16:16:05', '2025-08-19 14:55:21', 'Miraflores'),
(183, 'Hype', '002', 1, 528, '2025-07-09 16:16:26', '2025-07-09 16:16:26', NULL),
(184, 'Lazzo', '003', 1, 528, '2025-07-09 16:16:50', '2025-07-09 16:16:50', NULL),
(185, 'Fernandini', '004', 1, 528, '2025-07-09 16:17:16', '2025-07-09 16:17:16', NULL),
(186, 'Contisuyo', '005', 1, 528, '2025-07-09 16:17:58', '2025-07-09 16:17:58', NULL),
(187, 'Libertad', '006', 1, 528, '2025-07-09 16:21:50', '2025-07-09 16:21:50', NULL),
(188, 'Monet', '001', 1, 526, '2025-07-09 16:22:29', '2025-07-09 16:22:29', NULL),
(189, 'Olive Park', '002', 1, 526, '2025-07-09 16:22:57', '2025-07-09 16:22:57', NULL),
(190, 'Brand', '001', 1, 501, '2025-07-09 16:23:51', '2025-07-09 16:23:51', NULL),
(191, 'Programa Salud Segura', '002', 1, 501, '2025-07-09 16:24:18', '2025-07-09 16:24:18', NULL),
(192, 'Programa Adulto Joven', '003', 1, 501, '2025-07-09 16:24:36', '2025-07-09 16:24:36', NULL),
(193, 'Programa Adulto Mayor', '004', 1, 501, '2025-07-09 16:24:53', '2025-07-09 16:24:53', NULL),
(194, 'Programa Mamá Bebé', '005', 1, 501, '2025-07-09 16:25:30', '2025-07-09 16:25:30', NULL),
(195, 'Cirujías y Hospitalización', '006', 1, 501, '2025-07-09 16:25:46', '2025-07-09 16:25:46', NULL),
(196, 'Bolgnesi', '001', 1, 502, '2025-07-09 17:28:36', '2025-07-09 17:28:36', NULL),
(197, 'Parque Castilla', '002', 1, 502, '2025-07-09 17:28:58', '2025-07-09 17:28:58', NULL),
(198, 'Mendiburu', '003', 1, 502, '2025-07-09 17:29:19', '2025-07-09 17:29:19', NULL),
(199, 'Exxis Bolivia', '001', 1, 503, '2025-07-09 17:30:26', '2025-07-09 17:30:26', NULL),
(200, 'Exxis Chile', '002', 1, 503, '2025-07-09 17:30:48', '2025-07-09 17:30:48', NULL),
(201, 'Exxis Colombia', '003', 1, 503, '2025-07-09 17:31:29', '2025-07-09 17:31:29', NULL),
(202, 'Exxis Ecuador', '004', 1, 503, '2025-07-09 17:31:55', '2025-07-09 17:31:55', NULL),
(203, 'Exxis España', '005', 1, 503, '2025-07-09 17:32:24', '2025-07-09 17:32:24', NULL),
(204, 'Exxis Paraguay', '006', 1, 503, '2025-07-09 17:32:44', '2025-07-09 17:32:44', NULL),
(205, 'Exxis Perú', '007', 1, 503, '2025-07-09 17:33:08', '2025-07-09 17:33:08', NULL),
(206, 'Exxis Uruguay', '008', 1, 503, '2025-07-09 17:33:27', '2025-07-09 17:33:27', NULL),
(207, 'Intenet fibra óptica Arequipa', '001', 1, 504, '2025-07-09 17:34:48', '2025-07-09 17:34:48', NULL),
(208, 'Internet', '002', 1, 504, '2025-07-09 17:35:03', '2025-07-09 17:35:03', NULL),
(209, 'Internet + cable', '003', 1, 504, '2025-07-09 17:37:30', '2025-07-10 12:39:55', NULL),
(210, 'Internet fibra óptica', '004', 1, 504, '2025-07-09 17:37:43', '2025-07-09 17:37:43', NULL),
(211, 'Internet fibra óptica Ilo, Tacna y Moquegua', '005', 1, 504, '2025-07-09 17:38:23', '2025-07-10 12:40:42', NULL),
(212, 'Pack internet + cable', '006', 1, 504, '2025-07-09 17:39:24', '2025-07-10 12:40:13', NULL),
(213, 'AON', '001', 1, 505, '2025-07-09 17:40:04', '2025-07-09 17:40:04', NULL),
(214, 'R18 - Energía que nos une', '001', 1, 529, '2025-07-10 09:20:29', '2025-07-10 12:42:09', NULL),
(215, 'Women - Dinámica Footloose Women', '002', 1, 529, '2025-07-10 09:21:07', '2025-08-26 09:41:26', NULL),
(216, 'Women - Buscamos creadora de contenido', '003', 1, 529, '2025-07-10 09:27:07', '2025-07-10 12:43:00', NULL),
(217, 'Women - New In Botas y Botines', '004', 1, 529, '2025-07-10 09:27:30', '2025-07-10 12:43:42', NULL),
(218, 'Women - Promocional', '005', 1, 529, '2025-07-10 09:27:57', '2025-07-10 12:43:59', NULL),
(219, 'Balanza Smart', '001', 1, 512, '2025-07-10 09:28:10', '2025-07-10 09:28:10', NULL),
(220, 'TM - Mujer Auténtica', '006', 1, 529, '2025-07-10 09:28:20', '2025-07-10 12:42:41', NULL),
(221, 'Carrousel', '002', 1, 512, '2025-07-10 09:28:34', '2025-07-10 09:28:34', NULL),
(222, 'Dinamica Gian Carlo', '003', 1, 512, '2025-07-10 09:29:05', '2025-07-10 09:29:05', NULL),
(223, 'RR - Empieza desde abajo', '007', 1, 529, '2025-07-10 09:29:12', '2025-07-10 12:42:27', NULL),
(224, 'Dinamica Roxana', '004', 1, 512, '2025-07-10 09:29:22', '2025-07-10 09:29:22', NULL),
(225, 'Fresh Sandals', '008', 1, 529, '2025-07-10 09:29:36', '2025-07-10 09:29:36', NULL),
(226, 'Dinamica Victor', '005', 1, 512, '2025-07-10 09:29:40', '2025-07-10 09:29:40', NULL),
(227, 'Dinamica Victoria', '006', 1, 512, '2025-07-10 09:29:52', '2025-07-10 09:29:52', NULL),
(228, 'Dinámica Victoria, Victor, Gian Carlo y Roxana', '007', 1, 512, '2025-07-10 09:30:22', '2025-07-10 12:46:36', NULL),
(229, 'Fresh Sandals - Descubre tu estilo Fresh', '009', 1, 529, '2025-07-10 09:30:25', '2025-07-10 12:41:32', NULL),
(230, 'Entrevista Gian Carlo 1, Roxana 1 y Giselle 1', '008', 1, 512, '2025-07-10 09:30:41', '2025-07-10 12:46:52', NULL),
(231, 'Entrevista Victor 1', '009', 1, 512, '2025-07-10 09:31:08', '2025-07-10 09:31:08', NULL),
(232, 'Entrevista Victoria 1', '010', 1, 512, '2025-07-10 09:31:21', '2025-07-10 09:31:21', NULL),
(233, 'Kids - Footloose Kids', '010', 1, 529, '2025-07-10 09:31:59', '2025-07-10 12:41:52', NULL),
(234, 'Entrevista Victoria 2, Victor 2, Gian Carlo 2, Roxana 2 y Giselle 2', '011', 1, 512, '2025-07-10 09:31:59', '2025-07-10 12:47:07', NULL),
(235, 'Ideal en regalo', '012', 1, 512, '2025-07-10 09:32:17', '2025-07-10 09:32:17', NULL),
(236, '2Change - Pasos que no dejan huella', '011', 1, 529, '2025-07-10 09:32:22', '2025-07-10 12:41:12', NULL),
(237, 'Luz delantera Opalux', '013', 1, 512, '2025-07-10 09:32:30', '2025-07-10 09:32:30', NULL),
(238, 'Sistema de Cultivo', '014', 1, 512, '2025-07-10 09:32:42', '2025-07-10 09:32:42', NULL),
(239, 'Sorteo entradas Casacor', '015', 1, 512, '2025-07-10 09:33:02', '2025-07-10 09:33:02', NULL),
(240, 'Papelería', '001', 1, 513, '2025-07-10 09:34:31', '2025-07-10 09:34:31', NULL),
(241, 'Campaña Audi', '001', 1, 514, '2025-07-10 09:35:33', '2025-07-10 09:35:33', NULL),
(242, 'Campaña FAW 511', '002', 1, 514, '2025-07-10 09:36:01', '2025-07-10 09:36:01', NULL),
(243, 'Campaña GAC', '003', 1, 514, '2025-07-10 09:36:45', '2025-07-10 09:36:45', NULL),
(244, 'Branding', '001', 1, 523, '2025-07-10 09:36:57', '2025-07-10 09:36:57', NULL),
(245, 'Campaña Saveiro', '004', 1, 514, '2025-07-10 09:37:02', '2025-07-10 09:37:02', NULL),
(246, 'Campaña Vehículos', '005', 1, 514, '2025-07-10 09:37:20', '2025-07-10 09:37:20', NULL),
(247, 'Google campaña marca', '002', 1, 523, '2025-07-10 09:37:32', '2025-07-10 09:37:32', NULL),
(248, 'Receta Jamonada', '001', 1, 515, '2025-07-10 09:38:25', '2025-07-10 09:38:25', NULL),
(249, 'Receta Salame', '002', 1, 515, '2025-07-10 09:38:46', '2025-07-10 09:38:46', NULL),
(250, 'Receta Salchicha de pollo', '003', 1, 515, '2025-07-10 09:39:02', '2025-07-10 09:39:02', NULL),
(251, 'Receta súper chorizo', '004', 1, 515, '2025-07-10 09:39:23', '2025-07-10 09:39:23', NULL),
(252, 'Sorteo 4 Kids', '005', 1, 515, '2025-07-10 09:39:44', '2025-07-10 09:39:44', NULL),
(253, 'Carrousel recordatorio de campaña', '001', 1, 516, '2025-07-10 09:41:38', '2025-07-10 09:41:38', NULL),
(254, 'Intriga y Tripost', '002', 1, 516, '2025-07-10 09:41:58', '2025-07-10 09:41:58', NULL),
(255, 'Intriga y video campaña', '003', 1, 516, '2025-07-10 09:42:21', '2025-07-10 09:42:21', NULL),
(256, 'Reel 4 y reducción de campaña', '004', 1, 516, '2025-07-10 09:42:49', '2025-07-10 09:42:49', NULL),
(257, 'Reel Hero', '005', 1, 516, '2025-07-10 09:43:05', '2025-07-10 09:43:05', NULL),
(258, 'Reels 1, 2 y 3', '006', 1, 516, '2025-07-10 09:43:31', '2025-07-10 12:49:27', NULL),
(259, 'Reels presentación chef, enólogo, destino y recordatorio', '007', 1, 516, '2025-07-10 09:43:57', '2025-07-10 12:49:47', NULL),
(260, 'Tripost Hero', '008', 1, 516, '2025-07-10 09:44:09', '2025-07-10 09:44:09', NULL),
(261, 'Video campaña', '009', 1, 516, '2025-07-10 09:44:33', '2025-07-10 09:44:33', NULL),
(262, 'Video campaña, instream, bumper y reels (1-4)', '010', 1, 516, '2025-07-10 09:45:56', '2025-07-10 12:50:08', NULL),
(263, 'Malecón La Paz, Acacias, Blume, Parque Córdova 2, Vanderghen 400 y Vasco Núñez', '003', 1, 523, '2025-07-10 09:46:21', '2025-07-10 12:44:20', NULL),
(264, 'Proyecto Malecón Acacias', '004', 1, 523, '2025-07-10 09:47:28', '2025-07-10 09:47:28', NULL),
(265, 'Proyecto Malecón La Paz', '005', 1, 523, '2025-07-10 09:48:17', '2025-07-10 09:48:17', NULL),
(266, 'Anuncio para conseguir seguidores', '001', 1, 534, '2025-07-10 09:49:44', '2025-07-10 09:49:44', NULL),
(267, 'Certificación Recyclass', '002', 1, 534, '2025-07-10 09:50:08', '2025-07-10 09:50:08', NULL),
(268, 'EcoStretch Automático', '003', 1, 534, '2025-07-10 09:50:23', '2025-07-10 09:50:23', NULL),
(269, 'EcoStretch Film Manual', '004', 1, 534, '2025-07-10 09:50:34', '2025-07-10 09:50:34', NULL),
(270, 'LGF Sodimac: Anuncio Participación', '005', 1, 534, '2025-07-10 09:51:01', '2025-07-10 12:50:37', NULL),
(271, 'Soldpack', '006', 1, 534, '2025-07-10 09:51:14', '2025-07-10 09:51:14', NULL),
(272, 'Stretch Film con % de Resina PCR  fabricada en Planta de Reciclaje', '007', 1, 534, '2025-07-10 09:51:40', '2025-07-10 12:51:01', NULL),
(273, 'Cuidado personal', '001', 1, 517, '2025-07-10 09:52:56', '2025-07-10 09:52:56', NULL),
(274, 'Hogar', '006', 1, 514, '2025-07-10 09:53:16', '2025-07-10 09:53:16', NULL),
(275, 'AON', '001', 1, 518, '2025-07-10 09:54:27', '2025-07-10 09:54:27', NULL),
(276, 'Táctico/promocionales', '002', 1, 518, '2025-07-10 09:54:51', '2025-07-10 12:51:27', NULL),
(277, 'AON', '001', 1, 519, '2025-07-10 09:55:58', '2025-07-10 09:55:58', NULL),
(278, 'BOBCAT', '002', 1, 519, '2025-07-10 09:56:09', '2025-07-10 09:56:09', NULL),
(279, 'CROWN', '003', 1, 519, '2025-07-10 09:56:33', '2025-07-10 09:56:33', NULL),
(280, 'HUSQVARNA', '004', 1, 519, '2025-07-10 09:56:51', '2025-07-10 09:56:51', NULL),
(281, 'Proyecto Parque Blume', '006', 1, 523, '2025-07-10 09:58:32', '2025-07-10 09:58:32', NULL),
(282, 'LIEBHERR', '005', 1, 519, '2025-07-10 09:58:49', '2025-07-10 09:58:49', NULL),
(283, 'Proyecto Parque Córdova 2', '007', 1, 523, '2025-07-10 09:58:50', '2025-07-10 09:58:50', NULL),
(284, 'MONTACARGAS', '006', 1, 519, '2025-07-10 09:59:10', '2025-07-10 09:59:10', NULL),
(285, 'Vanderghen 400', '008', 1, 523, '2025-07-10 09:59:13', '2025-07-10 09:59:13', NULL),
(286, 'Vasco Núñez 141', '009', 1, 523, '2025-07-10 09:59:31', '2025-07-10 09:59:31', NULL),
(287, 'REPUESTOSCONSTRUCCIÓN (TODO PERÚ)', '007', 1, 519, '2025-07-10 09:59:36', '2025-07-10 12:51:47', NULL),
(288, 'REPUESTOS CONSTRUCCIÓN (ZONA NORTE,CENTRO,SUR)', '008', 1, 519, '2025-07-10 10:00:19', '2025-07-10 12:52:08', NULL),
(289, 'Repuestos construcción (todo Perú)', '009', 1, 519, '2025-07-10 10:00:39', '2025-07-10 12:53:11', NULL),
(290, 'Repuestos construcción (zona norte, centro, sur)', '010', 1, 519, '2025-07-10 10:01:21', '2025-07-10 12:53:31', NULL),
(291, 'Early years', '001', 1, 520, '2025-07-10 10:02:48', '2025-07-10 10:02:48', NULL),
(292, 'Open day', '002', 1, 520, '2025-07-10 10:03:07', '2025-07-10 10:03:07', NULL),
(293, 'San Pedro', '003', 1, 520, '2025-07-10 10:03:20', '2025-07-10 10:03:20', NULL),
(294, 'Taller mamá bebé', '004', 1, 520, '2025-07-10 10:03:35', '2025-07-10 10:03:35', NULL),
(295, 'Talleres y fun friday', '005', 1, 520, '2025-07-10 10:03:52', '2025-07-10 10:03:52', NULL),
(296, 'Villa Carita + San Pedro', '006', 1, 520, '2025-07-10 10:04:09', '2025-07-10 12:54:12', NULL),
(297, 'Villa Caritas', '007', 1, 520, '2025-07-10 10:04:20', '2025-07-10 10:04:20', NULL),
(298, 'Campaña reclutamiento', '001', 1, 506, '2025-07-10 10:22:24', '2025-07-10 10:22:24', NULL),
(299, 'Bolognesi 472', '001', 1, 521, '2025-07-10 10:23:16', '2025-07-10 10:23:16', NULL),
(300, 'Branding', '002', 1, 521, '2025-07-10 10:23:31', '2025-07-10 10:23:31', NULL),
(301, 'Chamberi 123', '003', 1, 521, '2025-07-10 10:23:45', '2025-07-10 10:23:45', NULL),
(302, 'Chamberi 161', '004', 1, 521, '2025-07-10 10:24:03', '2025-07-10 10:24:03', NULL),
(303, 'Colón (Landing) - Configuración B', '005', 1, 521, '2025-07-10 10:24:53', '2025-07-10 12:44:58', NULL),
(304, 'Colon 470', '006', 1, 521, '2025-07-10 10:25:14', '2025-07-10 10:25:14', NULL),
(305, 'Google Campaña Marca (web)', '007', 1, 521, '2025-07-10 10:25:31', '2025-07-10 12:45:17', NULL),
(306, 'Llano Zapata', '008', 1, 521, '2025-07-10 10:25:53', '2025-07-10 10:25:53', NULL),
(307, 'Manuel Segura 260', '009', 1, 521, '2025-07-10 10:26:11', '2025-07-10 10:26:11', NULL),
(308, 'Meiggs Meiggs', '010', 1, 521, '2025-07-10 10:26:24', '2025-07-10 10:26:24', NULL),
(309, 'Parque Naciones Unidas 164', '011', 1, 521, '2025-07-10 10:26:43', '2025-07-10 10:26:43', NULL),
(310, 'Campaña de lunes a domingo', '001', 1, 533, '2025-07-10 10:27:14', '2025-07-10 10:27:14', NULL),
(311, 'Agenda Joinnus junio 1', '001', 1, 507, '2025-07-10 10:27:55', '2025-07-10 10:27:55', NULL),
(312, 'Agenda Joinnus junio 2', '002', 1, 507, '2025-07-10 10:28:06', '2025-07-10 10:28:06', NULL),
(314, 'Alkilados en privé', '003', 1, 507, '2025-07-10 10:29:42', '2025-07-10 10:29:42', NULL),
(315, 'Brothers in band - el autentico sonido Dire Straits', '004', 1, 507, '2025-07-10 10:30:44', '2025-07-10 12:45:41', NULL),
(316, 'Cumbia dorada', '005', 1, 507, '2025-07-10 10:31:10', '2025-07-10 10:31:10', NULL),
(317, 'Perú vs Ecuador', '006', 1, 507, '2025-07-10 10:34:45', '2025-07-10 10:34:45', NULL),
(318, 'Blue diversión en familia', '007', 1, 507, '2025-07-10 10:35:06', '2025-07-10 10:35:06', NULL),
(319, 'Lasso en Lima', '008', 1, 507, '2025-07-10 10:35:33', '2025-07-10 10:35:33', NULL),
(320, 'Agenda Joinnus junio 3', '009', 1, 507, '2025-07-10 10:35:53', '2025-07-10 10:35:53', NULL),
(321, 'Los Mirlos', '010', 1, 507, '2025-07-10 10:36:10', '2025-07-10 10:36:10', NULL),
(322, 'Campaña Temporada de Circo 2025', '011', 1, 507, '2025-07-10 10:36:30', '2025-07-10 10:36:30', NULL),
(323, 'AGENDA JOINNUS', '012', 1, 507, '2025-07-10 10:36:49', '2025-08-20 17:51:31', NULL),
(324, 'Campaña nuevos servicios', '001', 1, 508, '2025-07-10 10:38:49', '2025-07-10 10:38:49', NULL),
(325, '28 de Julio', '001', 1, 525, '2025-07-10 10:39:47', '2025-07-10 10:39:47', NULL),
(326, 'Larco', '002', 1, 525, '2025-07-10 10:40:10', '2025-07-10 10:40:10', NULL),
(328, 'Programas/planes', '001', 1, 509, '2025-07-10 10:42:01', '2025-07-10 12:47:31', NULL),
(329, 'Marca', '002', 1, 509, '2025-07-10 10:47:59', '2025-07-10 10:47:59', NULL),
(330, 'Chequeos', '003', 1, 509, '2025-07-10 10:48:16', '2025-07-10 10:48:16', NULL),
(331, 'Empresas', '004', 1, 509, '2025-07-10 10:48:42', '2025-07-10 10:48:42', NULL),
(332, 'Ascenza', '001', 1, 510, '2025-07-10 10:49:22', '2025-07-10 10:49:22', NULL),
(333, 'Arica 1090', '001', 1, 522, '2025-07-10 10:50:00', '2025-07-10 10:50:00', NULL),
(334, 'Basadre', '002', 1, 522, '2025-07-10 10:50:28', '2025-07-10 10:50:28', NULL),
(335, 'Chiclayo', '003', 1, 522, '2025-07-10 10:50:56', '2025-07-10 10:50:56', NULL),
(336, 'Eucaliptos 385', '004', 1, 522, '2025-07-10 10:51:16', '2025-07-10 10:51:16', NULL),
(337, 'Lima Polo', '005', 1, 522, '2025-07-10 10:51:38', '2025-07-10 10:51:38', NULL),
(338, 'Morada Branding', '006', 1, 522, '2025-07-10 10:52:01', '2025-07-10 10:52:01', NULL),
(339, 'Morada Home', '007', 1, 522, '2025-07-10 10:52:22', '2025-07-10 10:52:22', NULL),
(340, 'Pardo 664', '008', 1, 522, '2025-07-10 10:52:39', '2025-07-10 10:52:39', NULL),
(341, 'Advantage plus nuevas plantillas', '001', 1, 511, '2025-07-10 10:54:20', '2025-07-10 10:54:20', NULL),
(342, 'Advantage plus regular', '002', 1, 511, '2025-07-10 10:54:38', '2025-07-10 10:54:38', NULL),
(343, 'Arequipa', '003', 1, 511, '2025-07-10 10:54:56', '2025-07-10 10:54:56', NULL),
(344, 'Piura', '004', 1, 511, '2025-07-10 10:55:13', '2025-07-10 10:55:13', NULL),
(345, 'Proyectos premium', '005', 1, 511, '2025-07-10 10:55:29', '2025-07-10 10:55:29', NULL),
(346, 'Remarketing web', '006', 1, 511, '2025-07-10 10:55:55', '2025-07-10 10:55:55', NULL),
(348, 'Programas/Planes', '008', 1, 501, '2025-07-10 12:36:19', '2025-07-10 12:36:19', NULL),
(350, 'LATIN PET SHOW', '013', 1, 507, '2025-08-19 16:44:42', '2025-08-19 16:44:42', NULL),
(351, 'BONAVISTA', '001', 1, 539, '2025-08-20 05:47:23', '2025-08-20 05:47:23', 'San Isidro'),
(352, 'TOP LIFE', '002', 1, 539, '2025-08-20 05:47:48', '2025-08-20 05:47:48', 'San Isidro'),
(353, 'Receta Salchicha Huachana', '006', 1, 515, '2025-08-20 06:07:50', '2025-08-20 06:07:50', 'Lima'),
(354, 'Team sartén o airfryer', '007', 1, 515, '2025-08-20 06:08:30', '2025-08-20 06:08:30', 'Lima'),
(355, 'Ideas para hacer feliz a mi peque', '008', 1, 515, '2025-08-20 06:08:59', '2025-08-20 06:08:59', 'Lima'),
(356, 'Videoreceta banderillas', '009', 1, 515, '2025-08-20 06:09:26', '2025-08-20 06:09:26', 'Lima'),
(357, 'Anuncio Nativo para Conseguir  Seguidores', '008', 1, 534, '2025-08-20 06:25:02', '2025-08-20 07:07:53', 'Miraflores'),
(358, 'EcoStretch Film Manual: calidad  garantizada', '009', 1, 534, '2025-08-20 06:25:34', '2025-08-20 07:08:08', 'Miraflores'),
(359, 'Infografía: Realiza un correcto  paletizado', '010', 1, 534, '2025-08-20 06:27:02', '2025-08-20 07:08:34', 'Miraflores'),
(360, 'Sabías qué  - Certificación Huella  de Carbono Solpack', '011', 1, 534, '2025-08-20 06:29:22', '2025-08-20 07:09:00', 'Miraflores'),
(361, 'P- EcoStretch Film Automático:  productividad y calidad', '012', 1, 534, '2025-08-20 06:31:29', '2025-08-20 07:08:48', 'Miraflores'),
(362, 'Solpack, trabajando por reducir las  emisiones de CO2 en la industria', '013', 1, 534, '2025-08-20 06:32:06', '2025-08-20 07:09:17', 'Miraflores'),
(363, 'Video Sorteo asesoría  gratuita Opalux', '016', 1, 512, '2025-08-20 07:43:55', '2025-08-20 07:43:55', 'Miraflores'),
(364, 'Sorteo Universitario  vs Palmeiras', '017', 1, 512, '2025-08-20 07:44:20', '2025-08-20 07:44:20', 'Miraflores'),
(365, 'Sorteo Clásico Universitario  vs Alianza Lima camisetas', '018', 1, 512, '2025-08-20 07:44:56', '2025-08-20 07:44:56', 'Miraflores'),
(366, 'Video Lámparas', '019', 1, 512, '2025-08-20 07:45:16', '2025-08-20 07:45:16', 'Miraflores'),
(367, 'Video Lámparas  decorativas Opalux', '020', 1, 512, '2025-08-20 08:24:30', '2025-08-20 08:24:30', 'Miraflores'),
(368, 'ECO STYLE', '001', 1, 537, '2025-08-20 09:00:03', '2025-08-20 09:00:03', 'Miraflores'),
(369, 'BASADRE', '002', 1, 537, '2025-08-20 09:00:29', '2025-08-20 09:00:29', 'Miraflores'),
(370, 'ECO 28', '003', 1, 537, '2025-08-20 09:00:56', '2025-08-20 09:00:56', 'Miraflores'),
(371, 'Alonso Falla', '001', 1, 546, '2025-08-20 10:33:22', '2025-08-20 10:33:22', 'Miraflores'),
(372, 'Campaña Performance', '004', 1, 498, '2025-08-20 10:49:08', '2025-08-20 10:49:08', 'Miraflores'),
(373, 'BRAEDT', '001', 1, 547, '2025-08-20 10:55:56', '2025-08-20 10:55:56', 'Miraflores'),
(374, 'BRAEDT BALANCE', '002', 1, 547, '2025-08-20 10:56:38', '2025-08-20 10:56:38', 'Miraflores'),
(375, 'HDC', '003', 1, 547, '2025-08-20 10:57:06', '2025-08-20 10:57:06', 'Miraflores'),
(376, 'Campaña Tiguan', '007', 1, 514, '2025-08-20 12:41:26', '2025-08-20 12:41:26', 'Miraflores'),
(377, 'Campaña VW Tera', '008', 1, 514, '2025-08-20 12:52:07', '2025-08-20 12:52:07', 'Miraflores'),
(378, 'FLASH SALE - MIRAFLORES', '018', 1, 524, '2025-08-20 14:07:09', '2025-08-20 14:26:52', '.'),
(379, 'FLASH SALE - SAN ISIDRO', '019', 1, 524, '2025-08-20 14:07:25', '2025-08-20 14:27:09', '.'),
(380, 'FLASH SALE - SURCO', '020', 1, 524, '2025-08-20 14:07:44', '2025-08-20 14:27:28', '.'),
(381, 'Icaro', '003', 1, 525, '2025-08-20 14:55:52', '2025-08-20 14:55:52', 'Miraflores'),
(382, 'Los Aquijes', '004', 1, 525, '2025-08-20 14:56:33', '2025-08-20 14:56:33', 'Miraflores'),
(383, 'Campaña Reclutamiento', '007', 1, 504, '2025-08-20 16:23:06', '2025-08-20 16:23:06', 'Miraflores'),
(387, 'AON', '001', 1, 545, '2025-08-20 17:03:15', '2025-08-20 17:03:15', 'Miraflores'),
(388, 'Velas de cumpleaños', '014', 1, 507, '2025-08-20 17:52:14', '2025-08-20 17:52:14', NULL),
(389, 'Día del niño', '015', 1, 507, '2025-08-20 17:52:51', '2025-08-20 17:52:51', NULL),
(390, 'Aniversarios de Arequipa', '016', 1, 507, '2025-08-20 17:54:04', '2025-08-20 17:54:04', NULL),
(391, 'Expodeco', '017', 1, 507, '2025-08-20 17:54:32', '2025-08-20 17:54:32', NULL),
(392, 'Family Place', '008', 1, 520, '2025-08-21 10:11:32', '2025-08-21 10:11:32', 'Miraflores'),
(393, 'Pautas traslados', '009', 1, 520, '2025-08-21 10:14:36', '2025-08-21 10:14:36', 'Miraflores'),
(394, 'Retail', '012', 1, 529, '2025-08-22 10:48:42', '2025-08-22 10:48:42', 'Miraflores'),
(395, 'AON / TACTICO', '001', 1, 550, '2025-08-22 12:20:32', '2025-08-22 12:20:32', NULL),
(396, 'Beside', '001', 1, 536, '2025-08-22 13:23:44', '2025-08-22 13:23:44', NULL),
(397, 'Empire', '002', 1, 536, '2025-08-22 13:23:55', '2025-08-22 13:23:55', NULL),
(398, 'Por amor al queso', '004', 1, 547, '2025-08-22 15:56:07', '2025-08-22 15:56:07', 'Miraflores'),
(399, 'Catapu', '001', 1, 544, '2025-08-22 16:01:34', '2025-08-22 16:01:34', NULL),
(400, 'Branding', '001', 1, 543, '2025-08-22 17:20:07', '2025-08-22 17:20:07', NULL),
(401, 'Women - Invierno no rotación', '013', 1, 529, '2025-08-25 10:14:06', '2025-08-25 10:14:06', NULL),
(402, 'Torres de iluminación', '011', 1, 519, '2025-08-25 11:00:48', '2025-08-25 11:00:48', NULL),
(403, 'Alquileres', '012', 1, 519, '2025-08-25 11:03:15', '2025-08-25 11:03:15', NULL),
(404, 'Maisak en Privé', '018', 1, 507, '2025-08-25 23:11:18', '2025-08-25 23:11:18', NULL);

-- --------------------------------------------------------

--
-- Estructura de tabla para la tabla `sessions`
--

CREATE TABLE `sessions` (
  `id` varchar(255) NOT NULL,
  `user_id` bigint(20) UNSIGNED DEFAULT NULL,
  `ip_address` varchar(45) DEFAULT NULL,
  `user_agent` text DEFAULT NULL,
  `payload` longtext NOT NULL,
  `last_activity` int(11) NOT NULL
) ENGINE=InnoDB DEFAULT CHARSET=utf8mb4 COLLATE=utf8mb4_unicode_ci;

--
-- Volcado de datos para la tabla `sessions`
--

INSERT INTO `sessions` (`id`, `user_id`, `ip_address`, `user_agent`, `payload`, `last_activity`) VALUES
('stLCdSIX4egSsWlTdRvCOspG9MNUi6rLRF3or4KB', NULL, '127.0.0.1', 'Mozilla/5.0 (Windows NT 10.0; Win64; x64) AppleWebKit/537.36 (KHTML, like Gecko) Chrome/137.0.0.0 Safari/537.36', 'YToyOntzOjY6Il90b2tlbiI7czo0MDoiRmZTd2lFclR0MkFTZEVHRGNrdktKVnlIVUNkdDhGbUEwTVFBQ1NZMSI7czo2OiJfZmxhc2giO2E6Mjp7czozOiJvbGQiO2E6MDp7fXM6MzoibmV3IjthOjA6e319fQ==', 1748963868),
('wVWoo1cQ7ZttCdic5iTvt3px0W3iF6j46KceVUcc', NULL, '127.0.0.1', 'PostmanRuntime/7.44.0', 'YTozOntzOjY6Il90b2tlbiI7czo0MDoiMGRZc05jVkNwSFZ4c2lBUGRva2x1ak5NODNnbjdpdnB4OXM1ZWVTaSI7czo5OiJfcHJldmlvdXMiO2E6MTp7czozOiJ1cmwiO3M6MjE6Imh0dHA6Ly9hbGdvcml0bW8udGVzdCI7fXM6NjoiX2ZsYXNoIjthOjI6e3M6Mzoib2xkIjthOjA6e31zOjM6Im5ldyI7YTowOnt9fX0=', 1748559825);

-- --------------------------------------------------------

--
-- Estructura de tabla para la tabla `urls`
--

CREATE TABLE `urls` (
  `id` bigint(20) UNSIGNED NOT NULL,
  `url` text NOT NULL,
  `utm_source` varchar(255) DEFAULT NULL,
  `utm_medium` varchar(255) DEFAULT NULL,
  `utm_campaign` varchar(255) DEFAULT NULL,
  `utm_term` varchar(255) DEFAULT NULL,
  `utm_content` varchar(255) DEFAULT NULL,
  `campaign_id` bigint(20) UNSIGNED NOT NULL,
  `created_at` timestamp NULL DEFAULT NULL,
  `updated_at` timestamp NULL DEFAULT NULL
) ENGINE=InnoDB DEFAULT CHARSET=utf8mb4 COLLATE=utf8mb4_unicode_ci;

-- --------------------------------------------------------

--
-- Estructura de tabla para la tabla `users`
--

CREATE TABLE `users` (
  `id` bigint(20) UNSIGNED NOT NULL,
  `profile` varchar(255) NOT NULL,
  `name` varchar(255) NOT NULL,
  `username` varchar(255) NOT NULL,
  `email` varchar(255) NOT NULL,
  `password` varchar(255) NOT NULL,
  `photo` varchar(255) DEFAULT NULL,
  `active` tinyint(1) NOT NULL DEFAULT 1,
  `last_login` varchar(255) DEFAULT NULL,
  `created_at` timestamp NULL DEFAULT NULL,
  `updated_at` timestamp NULL DEFAULT NULL
) ENGINE=InnoDB DEFAULT CHARSET=utf8mb4 COLLATE=utf8mb4_unicode_ci;

--
-- Volcado de datos para la tabla `users`
--

INSERT INTO `users` (`id`, `profile`, `name`, `username`, `email`, `password`, `photo`, `active`, `last_login`, `created_at`, `updated_at`) VALUES
(1, 'Super', 'Illary Marcelo León Robles', 'IllaryAdmin', 'illary.leon@algoritmo.digital', '$2y$12$nakd5d8FjAJ5O8k.VNGkr..UReRwF0HzZ/jOmu85YjaMBvak.7OIW', NULL, 1, '2025-09-18 13:10:00', '2025-06-04 02:19:20', '2025-09-18 13:10:00'),
(2, 'Super', 'Ángel Revolledo', 'revolledoangel', 'angel.revolledotorres@algoritmo.digital', '$2y$12$iAfjWFr1S9yxbZti4r0Rz.gyuB.PwMCUQef4MY1oPGCBG9TeVMUwO', NULL, 1, '2025-09-18 13:05:27', '2025-06-04 02:20:36', '2025-09-18 13:05:27'),
(8, 'Super', 'Davis Ortiz', 'davis.ortiz', 'davis.ortiz@algoritmo.digital', '$2y$12$wEEVwHfjCmNrKaPD86Njdeyy5otwLOFXwuWcd.ZFo6ClT/NfPGIIK', NULL, 1, '2025-07-10 12:37:04', '2025-07-10 12:36:31', '2025-07-10 12:37:04'),
(9, 'Analista', 'Jair Petrovich', 'jair.petrovich', 'jair.petrovich@algoritmo.digital', '$2y$12$7mRBCKrTToY7eC0MLtQSY.KKDkKcURSkCfEEEcGXqiucHbxce/DlC', NULL, 1, NULL, '2025-07-10 17:17:45', '2025-07-10 17:17:45'),
(10, 'Analista', 'Bruno Del Castillo', 'bruno.delcastillo', 'bruno.delcastillo@algoritmo.digital', '$2y$12$5TrsxOZwbJXKZ2Ey5g6K.uvPNU.RDvwGj8GbhNADMIL7beS/b9bFG', NULL, 1, NULL, '2025-07-10 17:20:16', '2025-07-10 17:20:16'),
(11, 'Analista', 'Daniela Calle', 'daniela.calle', 'daniela.calle@algoritmo.digital', '$2y$12$VxbKi8SEBpqVAZdEt4PBTeP1hFoRnJzXbsEe5Ki6QJNT3BsGVcbxG', NULL, 1, NULL, '2025-07-10 17:21:34', '2025-07-10 17:21:34'),
(12, 'Administrador', 'Eduardo Navarro', 'eduardo.navarro', 'eduardo.navarro@algoritmo.digital', '$2y$12$aFs9z.K.u4/J1feb0PBCW.euFDR7y05VsUHwJ/gKsnmtTe5NbDQEG', NULL, 1, NULL, '2025-07-10 17:22:49', '2025-07-10 17:22:49'),
(13, 'Super', 'Ivan Gonzales', 'ivan.gonzales', 'ivan.gonzales@algoritmo.digital', '$2y$12$Fqu4feji71hCO2MaLZ.76eqSCN.oomgAz5OK0SabO5p738AHTNiI.', NULL, 1, '2025-08-04 17:06:52', '2025-07-10 17:23:58', '2025-08-04 17:06:52'),
(14, 'Analista', 'Jossy Berrocal', 'jossy.berrocal', 'jossy.berrocal@algoritmo.digital', '$2y$12$iBnIIx6k4Pkbx/7x7h80uurilI2DkMaZ0GoAfQrU8mj7WV6QxWaAm', NULL, 1, NULL, '2025-07-10 17:25:05', '2025-07-10 17:25:05'),
(15, 'Analista', 'Kevin Arroyo', 'kevin.arroyo', 'kevin.arroyo@algoritmo.digital', '$2y$12$cCVuZr9zyt4lUMOg7XviuuO2Rkf6DLp76yEvRMF4nZV7YlkjO6PD.', NULL, 1, NULL, '2025-07-10 17:26:08', '2025-07-10 17:26:08'),
(16, 'Analista', 'Luis Cárdenas', 'luis.cardenas', 'luis.cardenas@algoritmo.digital', '$2y$12$T2D.1ErtbnSfyuGG8YmQt.THG3obzw/YNJwXwKvy4FQlBCpW.newG', NULL, 1, NULL, '2025-07-10 17:26:54', '2025-07-10 17:26:54'),
(17, 'Analista', 'Pia Miranda', 'pia.miranda', 'pia.miranda@algoritmo.digital', '$2y$12$eTP2.hZ9CV7Nvgavu4ztY.GHd19ixydy/IG2Ovy83hM0lYBZ1bQ5S', NULL, 1, NULL, '2025-07-10 17:28:52', '2025-07-10 17:28:52'),
(18, 'Super', 'Roberto Castillo', 'roberto.castillo', 'roberto.castillo@algoritmo.digital', '$2y$12$svTk5QfxAfud1vXtHHDl1OQHFmXplf03bo7CbqwNP9Ka8OpkNzw/u', NULL, 1, '2025-09-02 10:13:47', '2025-07-10 17:29:22', '2025-09-02 10:13:47'),
(19, 'Analista', 'Sandra Ortega', 'sandra.ortega', 'sandra.ortega@algoritmo.digital', '$2y$12$kxpv2C1A1FV49jT5Wd0SS.a0/JC24y/kpejqFNjMFwradPsCDswaq', NULL, 1, NULL, '2025-07-10 17:29:50', '2025-07-10 17:29:50'),
(20, 'Administrador', 'Alejandra Portillo', 'alejandra.portillo', 'alejandra.portillo@algoritmo.digital', '$2y$12$Wu.LJR2oJRpk.fVLMhqQHeiQy7QsVEu8zhySNGUeyv71KI6hgpnc.', NULL, 1, '2025-07-10 18:14:41', '2025-07-10 17:30:42', '2025-07-10 18:14:41');

-- --------------------------------------------------------

--
-- Estructura de tabla para la tabla `verticals`
--

CREATE TABLE `verticals` (
  `id` bigint(20) UNSIGNED NOT NULL,
  `name` varchar(255) NOT NULL,
  `created_at` timestamp NULL DEFAULT NULL,
  `updated_at` timestamp NULL DEFAULT NULL
) ENGINE=InnoDB DEFAULT CHARSET=utf8mb4 COLLATE=utf8mb4_unicode_ci;

--
-- Volcado de datos para la tabla `verticals`
--

INSERT INTO `verticals` (`id`, `name`, `created_at`, `updated_at`) VALUES
(8, 'Alimenticia', '2025-07-08 18:09:02', '2025-07-08 18:09:02'),
(9, 'Colchones', '2025-07-08 18:09:30', '2025-07-08 18:09:30'),
(10, 'Ecommerce', '2025-07-08 18:11:35', '2025-07-08 18:11:35'),
(11, 'Educación', '2025-07-08 18:11:43', '2025-07-08 18:11:43'),
(12, 'Eventos', '2025-07-08 18:11:51', '2025-07-08 18:11:51'),
(13, 'Ganadería', '2025-07-08 18:12:01', '2025-07-08 18:12:01'),
(14, 'Inmobiliaria', '2025-07-08 18:12:13', '2025-07-08 18:12:13'),
(15, 'Laboratorio clínico', '2025-07-08 18:12:21', '2025-07-08 18:12:21'),
(16, 'Maquinaria pesada', '2025-07-08 18:12:29', '2025-07-08 18:12:29'),
(17, 'Mascota', '2025-07-08 18:12:37', '2025-07-08 18:12:37'),
(18, 'Papelería', '2025-07-08 18:12:45', '2025-07-08 18:12:45'),
(19, 'Retail', '2025-07-08 18:12:53', '2025-07-08 18:12:53'),
(20, 'Salud', '2025-07-08 18:13:01', '2025-07-08 18:13:01'),
(21, 'Telecomunicaciones', '2025-07-08 18:13:10', '2025-07-08 18:13:10'),
(22, 'Trade Marketing', '2025-07-08 18:13:20', '2025-07-08 18:13:20'),
(23, 'Concesionario de autos', '2025-07-08 18:16:52', '2025-07-08 18:16:52'),
(24, 'Desarrollo de software', '2025-07-08 18:17:04', '2025-07-08 18:17:04'),
(26, 'Iluminación y seguridad', '2025-07-08 18:17:31', '2025-07-08 18:17:31'),
(27, 'Pequeños electrodomésticos', '2025-07-08 18:17:38', '2025-07-08 18:17:38'),
(28, 'Performance y Analítica digital', '2025-07-08 18:17:46', '2025-07-08 18:17:46'),
(29, 'Almacenes', '2025-07-09 12:29:44', '2025-07-09 12:29:44'),
(30, 'Consultora Tecnológica', '2025-07-09 12:30:06', '2025-07-09 12:30:06'),
(31, 'Embalaje', '2025-07-09 12:30:25', '2025-07-09 12:30:25'),
(32, 'Imprenta', '2025-07-09 12:34:04', '2025-07-09 12:34:04'),
(33, 'Librería', '2025-07-09 12:34:16', '2025-07-09 12:34:16');

--
-- Índices para tablas volcadas
--

--
-- Indices de la tabla `cache`
--
ALTER TABLE `cache`
  ADD PRIMARY KEY (`key`);

--
-- Indices de la tabla `cache_locks`
--
ALTER TABLE `cache_locks`
  ADD PRIMARY KEY (`key`);

--
-- Indices de la tabla `campaigns`
--
ALTER TABLE `campaigns`
  ADD PRIMARY KEY (`id`),
  ADD KEY `campaigns_project_id_foreign` (`project_id`),
  ADD KEY `campaigns_period_id_foreign` (`period_id`);

--
-- Indices de la tabla `campaigns_formats`
--
ALTER TABLE `campaigns_formats`
  ADD PRIMARY KEY (`campaign_id`,`format_id`),
  ADD KEY `campaigns_formats_format_id_foreign` (`format_id`);

--
-- Indices de la tabla `campaigns_objectives`
--
ALTER TABLE `campaigns_objectives`
  ADD PRIMARY KEY (`campaign_id`,`objective_id`),
  ADD KEY `campaigns_objectives_objective_id_foreign` (`objective_id`);

--
-- Indices de la tabla `campaign_types`
--
ALTER TABLE `campaign_types`
  ADD PRIMARY KEY (`id`);

--
-- Indices de la tabla `channels`
--
ALTER TABLE `channels`
  ADD PRIMARY KEY (`id`);

--
-- Indices de la tabla `clients`
--
ALTER TABLE `clients`
  ADD PRIMARY KEY (`id`),
  ADD UNIQUE KEY `clients_code_unique` (`code`),
  ADD KEY `clients_user_id_foreign` (`user_id`);

--
-- Indices de la tabla `clients_verticals`
--
ALTER TABLE `clients_verticals`
  ADD PRIMARY KEY (`client_id`,`vertical_id`),
  ADD KEY `clients_verticals_vertical_id_foreign` (`vertical_id`);

--
-- Indices de la tabla `comments`
--
ALTER TABLE `comments`
  ADD PRIMARY KEY (`id`),
  ADD KEY `comments_client_id_foreign` (`client_id`),
  ADD KEY `comments_platform_id_foreign` (`platform_id`),
  ADD KEY `comments_period_id_foreign` (`period_id`);

--
-- Indices de la tabla `failed_jobs`
--
ALTER TABLE `failed_jobs`
  ADD PRIMARY KEY (`id`),
  ADD UNIQUE KEY `failed_jobs_uuid_unique` (`uuid`);

--
-- Indices de la tabla `formats`
--
ALTER TABLE `formats`
  ADD PRIMARY KEY (`id`),
  ADD KEY `formats_platform_id_foreign` (`platform_id`);

--
-- Indices de la tabla `jobs`
--
ALTER TABLE `jobs`
  ADD PRIMARY KEY (`id`),
  ADD KEY `jobs_queue_index` (`queue`);

--
-- Indices de la tabla `job_batches`
--
ALTER TABLE `job_batches`
  ADD PRIMARY KEY (`id`);

--
-- Indices de la tabla `mediamixrealestates`
--
ALTER TABLE `mediamixrealestates`
  ADD PRIMARY KEY (`id`),
  ADD KEY `mediamixrealestates_period_id_foreign` (`period_id`),
  ADD KEY `mediamixrealestates_client_id_foreign` (`client_id`);

--
-- Indices de la tabla `mediamixrealestate_details`
--
ALTER TABLE `mediamixrealestate_details`
  ADD PRIMARY KEY (`id`),
  ADD KEY `mediamixrealestate_details_mediamixrealestate_id_foreign` (`mediamixrealestate_id`),
  ADD KEY `mediamixrealestate_details_project_id_foreign` (`project_id`),
  ADD KEY `mediamixrealestate_details_campaign_type_id_foreign` (`campaign_type_id`),
  ADD KEY `mediamixrealestate_details_channel_id_foreign` (`channel_id`);

--
-- Indices de la tabla `migrations`
--
ALTER TABLE `migrations`
  ADD PRIMARY KEY (`id`);

--
-- Indices de la tabla `mmre_details_formats`
--
ALTER TABLE `mmre_details_formats`
  ADD PRIMARY KEY (`mmre_detail_id`,`format_id`),
  ADD KEY `mmre_details_formats_format_id_foreign` (`format_id`);

--
-- Indices de la tabla `mmre_details_objectives`
--
ALTER TABLE `mmre_details_objectives`
  ADD PRIMARY KEY (`mmre_detail_id`,`objective_id`),
  ADD KEY `mmre_details_objectives_objective_id_foreign` (`objective_id`);

--
-- Indices de la tabla `objectives`
--
ALTER TABLE `objectives`
  ADD PRIMARY KEY (`id`);

--
-- Indices de la tabla `password_reset_tokens`
--
ALTER TABLE `password_reset_tokens`
  ADD PRIMARY KEY (`email`);

--
-- Indices de la tabla `periods`
--
ALTER TABLE `periods`
  ADD PRIMARY KEY (`id`);

--
-- Indices de la tabla `personal_access_tokens`
--
ALTER TABLE `personal_access_tokens`
  ADD PRIMARY KEY (`id`),
  ADD UNIQUE KEY `personal_access_tokens_token_unique` (`token`),
  ADD KEY `personal_access_tokens_tokenable_type_tokenable_id_index` (`tokenable_type`,`tokenable_id`);

--
-- Indices de la tabla `platforms`
--
ALTER TABLE `platforms`
  ADD PRIMARY KEY (`id`),
  ADD UNIQUE KEY `platforms_code_unique` (`code`);

--
-- Indices de la tabla `projects`
--
ALTER TABLE `projects`
  ADD PRIMARY KEY (`id`),
  ADD KEY `projects_client_id_foreign` (`client_id`);

--
-- Indices de la tabla `sessions`
--
ALTER TABLE `sessions`
  ADD PRIMARY KEY (`id`),
  ADD KEY `sessions_user_id_index` (`user_id`),
  ADD KEY `sessions_last_activity_index` (`last_activity`);

--
-- Indices de la tabla `urls`
--
ALTER TABLE `urls`
  ADD PRIMARY KEY (`id`),
  ADD KEY `urls_campaign_id_foreign` (`campaign_id`);

--
-- Indices de la tabla `users`
--
ALTER TABLE `users`
  ADD PRIMARY KEY (`id`);

--
-- Indices de la tabla `verticals`
--
ALTER TABLE `verticals`
  ADD PRIMARY KEY (`id`);

--
-- AUTO_INCREMENT de las tablas volcadas
--

--
-- AUTO_INCREMENT de la tabla `campaigns`
--
ALTER TABLE `campaigns`
  MODIFY `id` bigint(20) UNSIGNED NOT NULL AUTO_INCREMENT, AUTO_INCREMENT=400;

--
-- AUTO_INCREMENT de la tabla `campaign_types`
--
ALTER TABLE `campaign_types`
  MODIFY `id` bigint(20) UNSIGNED NOT NULL AUTO_INCREMENT, AUTO_INCREMENT=7;

--
-- AUTO_INCREMENT de la tabla `channels`
--
ALTER TABLE `channels`
  MODIFY `id` bigint(20) UNSIGNED NOT NULL AUTO_INCREMENT, AUTO_INCREMENT=19;

--
-- AUTO_INCREMENT de la tabla `clients`
--
ALTER TABLE `clients`
  MODIFY `id` bigint(20) UNSIGNED NOT NULL AUTO_INCREMENT, AUTO_INCREMENT=551;

--
-- AUTO_INCREMENT de la tabla `comments`
--
ALTER TABLE `comments`
  MODIFY `id` bigint(20) UNSIGNED NOT NULL AUTO_INCREMENT, AUTO_INCREMENT=12;

--
-- AUTO_INCREMENT de la tabla `failed_jobs`
--
ALTER TABLE `failed_jobs`
  MODIFY `id` bigint(20) UNSIGNED NOT NULL AUTO_INCREMENT;

--
-- AUTO_INCREMENT de la tabla `formats`
--
ALTER TABLE `formats`
  MODIFY `id` bigint(20) UNSIGNED NOT NULL AUTO_INCREMENT, AUTO_INCREMENT=72;

--
-- AUTO_INCREMENT de la tabla `jobs`
--
ALTER TABLE `jobs`
  MODIFY `id` bigint(20) UNSIGNED NOT NULL AUTO_INCREMENT;

--
-- AUTO_INCREMENT de la tabla `mediamixrealestates`
--
ALTER TABLE `mediamixrealestates`
  MODIFY `id` bigint(20) UNSIGNED NOT NULL AUTO_INCREMENT, AUTO_INCREMENT=8;

--
-- AUTO_INCREMENT de la tabla `mediamixrealestate_details`
--
ALTER TABLE `mediamixrealestate_details`
  MODIFY `id` bigint(20) UNSIGNED NOT NULL AUTO_INCREMENT, AUTO_INCREMENT=8;

--
-- AUTO_INCREMENT de la tabla `migrations`
--
ALTER TABLE `migrations`
  MODIFY `id` int(10) UNSIGNED NOT NULL AUTO_INCREMENT, AUTO_INCREMENT=63;

--
-- AUTO_INCREMENT de la tabla `objectives`
--
ALTER TABLE `objectives`
  MODIFY `id` bigint(20) UNSIGNED NOT NULL AUTO_INCREMENT, AUTO_INCREMENT=74;

--
-- AUTO_INCREMENT de la tabla `periods`
--
ALTER TABLE `periods`
  MODIFY `id` bigint(20) UNSIGNED NOT NULL AUTO_INCREMENT, AUTO_INCREMENT=33;

--
-- AUTO_INCREMENT de la tabla `personal_access_tokens`
--
ALTER TABLE `personal_access_tokens`
  MODIFY `id` bigint(20) UNSIGNED NOT NULL AUTO_INCREMENT;

--
-- AUTO_INCREMENT de la tabla `platforms`
--
ALTER TABLE `platforms`
  MODIFY `id` bigint(20) UNSIGNED NOT NULL AUTO_INCREMENT, AUTO_INCREMENT=17;

--
-- AUTO_INCREMENT de la tabla `projects`
--
ALTER TABLE `projects`
  MODIFY `id` bigint(20) UNSIGNED NOT NULL AUTO_INCREMENT, AUTO_INCREMENT=405;

--
-- AUTO_INCREMENT de la tabla `urls`
--
ALTER TABLE `urls`
  MODIFY `id` bigint(20) UNSIGNED NOT NULL AUTO_INCREMENT, AUTO_INCREMENT=10;

--
-- AUTO_INCREMENT de la tabla `users`
--
ALTER TABLE `users`
  MODIFY `id` bigint(20) UNSIGNED NOT NULL AUTO_INCREMENT, AUTO_INCREMENT=21;

--
-- AUTO_INCREMENT de la tabla `verticals`
--
ALTER TABLE `verticals`
  MODIFY `id` bigint(20) UNSIGNED NOT NULL AUTO_INCREMENT, AUTO_INCREMENT=34;

--
-- Restricciones para tablas volcadas
--

--
-- Filtros para la tabla `campaigns`
--
ALTER TABLE `campaigns`
  ADD CONSTRAINT `campaigns_period_id_foreign` FOREIGN KEY (`period_id`) REFERENCES `periods` (`id`) ON DELETE CASCADE,
  ADD CONSTRAINT `campaigns_project_id_foreign` FOREIGN KEY (`project_id`) REFERENCES `projects` (`id`) ON DELETE CASCADE;

--
-- Filtros para la tabla `campaigns_formats`
--
ALTER TABLE `campaigns_formats`
  ADD CONSTRAINT `campaigns_formats_campaign_id_foreign` FOREIGN KEY (`campaign_id`) REFERENCES `campaigns` (`id`) ON DELETE CASCADE,
  ADD CONSTRAINT `campaigns_formats_format_id_foreign` FOREIGN KEY (`format_id`) REFERENCES `formats` (`id`) ON DELETE CASCADE;

--
-- Filtros para la tabla `campaigns_objectives`
--
ALTER TABLE `campaigns_objectives`
  ADD CONSTRAINT `campaigns_objectives_campaign_id_foreign` FOREIGN KEY (`campaign_id`) REFERENCES `campaigns` (`id`) ON DELETE CASCADE,
  ADD CONSTRAINT `campaigns_objectives_objective_id_foreign` FOREIGN KEY (`objective_id`) REFERENCES `objectives` (`id`) ON DELETE CASCADE;

--
-- Filtros para la tabla `clients`
--
ALTER TABLE `clients`
  ADD CONSTRAINT `clients_user_id_foreign` FOREIGN KEY (`user_id`) REFERENCES `users` (`id`) ON DELETE SET NULL;

--
-- Filtros para la tabla `clients_verticals`
--
ALTER TABLE `clients_verticals`
  ADD CONSTRAINT `clients_verticals_client_id_foreign` FOREIGN KEY (`client_id`) REFERENCES `clients` (`id`) ON DELETE CASCADE,
  ADD CONSTRAINT `clients_verticals_vertical_id_foreign` FOREIGN KEY (`vertical_id`) REFERENCES `verticals` (`id`) ON DELETE CASCADE;

--
-- Filtros para la tabla `comments`
--
ALTER TABLE `comments`
  ADD CONSTRAINT `comments_client_id_foreign` FOREIGN KEY (`client_id`) REFERENCES `clients` (`id`) ON DELETE CASCADE,
  ADD CONSTRAINT `comments_period_id_foreign` FOREIGN KEY (`period_id`) REFERENCES `periods` (`id`) ON DELETE CASCADE,
  ADD CONSTRAINT `comments_platform_id_foreign` FOREIGN KEY (`platform_id`) REFERENCES `platforms` (`id`) ON DELETE CASCADE;

--
-- Filtros para la tabla `formats`
--
ALTER TABLE `formats`
  ADD CONSTRAINT `formats_platform_id_foreign` FOREIGN KEY (`platform_id`) REFERENCES `platforms` (`id`) ON DELETE CASCADE;

--
-- Filtros para la tabla `mediamixrealestates`
--
ALTER TABLE `mediamixrealestates`
  ADD CONSTRAINT `mediamixrealestates_client_id_foreign` FOREIGN KEY (`client_id`) REFERENCES `clients` (`id`) ON DELETE CASCADE,
  ADD CONSTRAINT `mediamixrealestates_period_id_foreign` FOREIGN KEY (`period_id`) REFERENCES `periods` (`id`) ON DELETE CASCADE;

--
-- Filtros para la tabla `mediamixrealestate_details`
--
ALTER TABLE `mediamixrealestate_details`
  ADD CONSTRAINT `mediamixrealestate_details_campaign_type_id_foreign` FOREIGN KEY (`campaign_type_id`) REFERENCES `campaign_types` (`id`) ON DELETE CASCADE,
  ADD CONSTRAINT `mediamixrealestate_details_channel_id_foreign` FOREIGN KEY (`channel_id`) REFERENCES `channels` (`id`) ON DELETE CASCADE,
  ADD CONSTRAINT `mediamixrealestate_details_mediamixrealestate_id_foreign` FOREIGN KEY (`mediamixrealestate_id`) REFERENCES `mediamixrealestates` (`id`) ON DELETE CASCADE,
  ADD CONSTRAINT `mediamixrealestate_details_project_id_foreign` FOREIGN KEY (`project_id`) REFERENCES `projects` (`id`) ON DELETE CASCADE;

--
-- Filtros para la tabla `mmre_details_formats`
--
ALTER TABLE `mmre_details_formats`
  ADD CONSTRAINT `mmre_details_formats_format_id_foreign` FOREIGN KEY (`format_id`) REFERENCES `formats` (`id`) ON DELETE CASCADE,
  ADD CONSTRAINT `mmre_details_formats_mmre_detail_id_foreign` FOREIGN KEY (`mmre_detail_id`) REFERENCES `mediamixrealestate_details` (`id`) ON DELETE CASCADE;

--
-- Filtros para la tabla `mmre_details_objectives`
--
ALTER TABLE `mmre_details_objectives`
  ADD CONSTRAINT `mmre_details_objectives_mmre_detail_id_foreign` FOREIGN KEY (`mmre_detail_id`) REFERENCES `mediamixrealestate_details` (`id`) ON DELETE CASCADE,
  ADD CONSTRAINT `mmre_details_objectives_objective_id_foreign` FOREIGN KEY (`objective_id`) REFERENCES `objectives` (`id`) ON DELETE CASCADE;

--
-- Filtros para la tabla `projects`
--
ALTER TABLE `projects`
  ADD CONSTRAINT `projects_client_id_foreign` FOREIGN KEY (`client_id`) REFERENCES `clients` (`id`) ON DELETE CASCADE;

--
-- Filtros para la tabla `urls`
--
ALTER TABLE `urls`
  ADD CONSTRAINT `urls_campaign_id_foreign` FOREIGN KEY (`campaign_id`) REFERENCES `campaigns` (`id`) ON DELETE CASCADE;
COMMIT;

/*!40101 SET CHARACTER_SET_CLIENT=@OLD_CHARACTER_SET_CLIENT */;
/*!40101 SET CHARACTER_SET_RESULTS=@OLD_CHARACTER_SET_RESULTS */;
/*!40101 SET COLLATION_CONNECTION=@OLD_COLLATION_CONNECTION */;
